"mutation","variant","date","frequency","frequency_gapfill","frequency_7day","hover_text_variant"
"K417N","Omicron",2021-01-13,NA,NA,NA,"Jan 13, 2021<br><b>Omicron</b> NA%"
"L452R","Delta",2021-01-13,NA,NA,NA,"Jan 13, 2021<br><b>Delta</b> NaN%"
"N501Y","Alpha, Beta & Gamma",2021-01-13,0,0,0,"Jan 13, 2021<br><b>Alpha, Beta & Gamma</b> 0%"
"K417N","Omicron",2021-01-14,NA,NA,NA,"Jan 14, 2021<br><b>Omicron</b> NA%"
"L452R","Delta",2021-01-14,NA,NA,NA,"Jan 14, 2021<br><b>Delta</b> NA%"
"N501Y","Alpha, Beta & Gamma",2021-01-14,NA,0,0,"Jan 14, 2021<br><b>Alpha, Beta & Gamma</b> NA%"
"K417N","Omicron",2021-01-15,NA,NA,NA,"Jan 15, 2021<br><b>Omicron</b> NA%"
"L452R","Delta",2021-01-15,NA,NA,NA,"Jan 15, 2021<br><b>Delta</b> NaN%"
"N501Y","Alpha, Beta & Gamma",2021-01-15,0,0,0,"Jan 15, 2021<br><b>Alpha, Beta & Gamma</b> 0%"
"K417N","Omicron",2021-01-16,NA,NA,NA,"Jan 16, 2021<br><b>Omicron</b> NA%"
"L452R","Delta",2021-01-16,NA,NA,NA,"Jan 16, 2021<br><b>Delta</b> NA%"
"N501Y","Alpha, Beta & Gamma",2021-01-16,NA,NA,0,"Jan 16, 2021<br><b>Alpha, Beta & Gamma</b> NA%"
"K417N","Omicron",2021-01-17,NA,NA,NA,"Jan 17, 2021<br><b>Omicron</b> NA%"
"L452R","Delta",2021-01-17,NA,NA,NA,"Jan 17, 2021<br><b>Delta</b> NA%"
"N501Y","Alpha, Beta & Gamma",2021-01-17,NA,NA,0,"Jan 17, 2021<br><b>Alpha, Beta & Gamma</b> NA%"
"K417N","Omicron",2021-01-18,NA,NA,NA,"Jan 18, 2021<br><b>Omicron</b> NA%"
"L452R","Delta",2021-01-18,NA,NA,NA,"Jan 18, 2021<br><b>Delta</b> NA%"
"N501Y","Alpha, Beta & Gamma",2021-01-18,NA,NA,0,"Jan 18, 2021<br><b>Alpha, Beta & Gamma</b> NA%"
"K417N","Omicron",2021-01-19,NA,NA,NA,"Jan 19, 2021<br><b>Omicron</b> NA%"
"L452R","Delta",2021-01-19,NA,NA,NA,"Jan 19, 2021<br><b>Delta</b> NaN%"
"N501Y","Alpha, Beta & Gamma",2021-01-19,0.04608,0.04608,0.01152,"Jan 19, 2021<br><b>Alpha, Beta & Gamma</b> 4.61%"
"K417N","Omicron",2021-01-20,NA,NA,NA,"Jan 20, 2021<br><b>Omicron</b> NA%"
"L452R","Delta",2021-01-20,NA,NA,NA,"Jan 20, 2021<br><b>Delta</b> NA%"
"N501Y","Alpha, Beta & Gamma",2021-01-20,NA,NA,0.01536,"Jan 20, 2021<br><b>Alpha, Beta & Gamma</b> NA%"
"K417N","Omicron",2021-01-21,NA,NA,NA,"Jan 21, 2021<br><b>Omicron</b> NA%"
"L452R","Delta",2021-01-21,NA,NA,NA,"Jan 21, 2021<br><b>Delta</b> NA%"
"N501Y","Alpha, Beta & Gamma",2021-01-21,NA,NA,0.02304,"Jan 21, 2021<br><b>Alpha, Beta & Gamma</b> NA%"
"K417N","Omicron",2021-01-22,NA,NA,NA,"Jan 22, 2021<br><b>Omicron</b> NA%"
"L452R","Delta",2021-01-22,NA,NA,NA,"Jan 22, 2021<br><b>Delta</b> NA%"
"N501Y","Alpha, Beta & Gamma",2021-01-22,NA,NA,0.04608,"Jan 22, 2021<br><b>Alpha, Beta & Gamma</b> NA%"
"K417N","Omicron",2021-01-23,NA,NA,NA,"Jan 23, 2021<br><b>Omicron</b> NA%"
"L452R","Delta",2021-01-23,NA,NA,NA,"Jan 23, 2021<br><b>Delta</b> NA%"
"N501Y","Alpha, Beta & Gamma",2021-01-23,NA,NA,0.04608,"Jan 23, 2021<br><b>Alpha, Beta & Gamma</b> NA%"
"K417N","Omicron",2021-01-24,NA,NA,NA,"Jan 24, 2021<br><b>Omicron</b> NA%"
"L452R","Delta",2021-01-24,NA,NA,NA,"Jan 24, 2021<br><b>Delta</b> NA%"
"N501Y","Alpha, Beta & Gamma",2021-01-24,NA,NA,0.04608,"Jan 24, 2021<br><b>Alpha, Beta & Gamma</b> NA%"
"K417N","Omicron",2021-01-25,NA,NA,NA,"Jan 25, 2021<br><b>Omicron</b> NA%"
"L452R","Delta",2021-01-25,NA,NA,NA,"Jan 25, 2021<br><b>Delta</b> NaN%"
"N501Y","Alpha, Beta & Gamma",2021-01-25,0.044385,0.044385,0.045233,"Jan 25, 2021<br><b>Alpha, Beta & Gamma</b> 4.44%"
"K417N","Omicron",2021-01-26,NA,NA,NA,"Jan 26, 2021<br><b>Omicron</b> NA%"
"L452R","Delta",2021-01-26,NA,NA,NA,"Jan 26, 2021<br><b>Delta</b> NA%"
"N501Y","Alpha, Beta & Gamma",2021-01-26,NA,0.022192,0.033289,"Jan 26, 2021<br><b>Alpha, Beta & Gamma</b> NA%"
"K417N","Omicron",2021-01-27,NA,NA,NA,"Jan 27, 2021<br><b>Omicron</b> NA%"
"L452R","Delta",2021-01-27,NA,NA,NA,"Jan 27, 2021<br><b>Delta</b> NaN%"
"N501Y","Alpha, Beta & Gamma",2021-01-27,0,0,0.022192,"Jan 27, 2021<br><b>Alpha, Beta & Gamma</b> 0%"
"K417N","Omicron",2021-01-28,NA,NA,NA,"Jan 28, 2021<br><b>Omicron</b> NA%"
"L452R","Delta",2021-01-28,NA,NA,NA,"Jan 28, 2021<br><b>Delta</b> NA%"
"N501Y","Alpha, Beta & Gamma",2021-01-28,NA,NA,0.022192,"Jan 28, 2021<br><b>Alpha, Beta & Gamma</b> NA%"
"K417N","Omicron",2021-01-29,NA,NA,NA,"Jan 29, 2021<br><b>Omicron</b> NA%"
"L452R","Delta",2021-01-29,NA,NA,NA,"Jan 29, 2021<br><b>Delta</b> NA%"
"N501Y","Alpha, Beta & Gamma",2021-01-29,NA,NA,0.022192,"Jan 29, 2021<br><b>Alpha, Beta & Gamma</b> NA%"
"K417N","Omicron",2021-01-30,NA,NA,NA,"Jan 30, 2021<br><b>Omicron</b> NA%"
"L452R","Delta",2021-01-30,NA,NA,NA,"Jan 30, 2021<br><b>Delta</b> NA%"
"N501Y","Alpha, Beta & Gamma",2021-01-30,NA,NA,0.022192,"Jan 30, 2021<br><b>Alpha, Beta & Gamma</b> NA%"
"K417N","Omicron",2021-01-31,NA,NA,NA,"Jan 31, 2021<br><b>Omicron</b> NA%"
"L452R","Delta",2021-01-31,NA,NA,NA,"Jan 31, 2021<br><b>Delta</b> NaN%"
"N501Y","Alpha, Beta & Gamma",2021-01-31,0.022703,0.022703,0.02232,"Jan 31, 2021<br><b>Alpha, Beta & Gamma</b> 2.27%"
"K417N","Omicron",2021-02-01,NA,NA,NA,"Feb 01, 2021<br><b>Omicron</b> NA%"
"L452R","Delta",2021-02-01,NA,NA,NA,"Feb 01, 2021<br><b>Delta</b> NA%"
"N501Y","Alpha, Beta & Gamma",2021-02-01,NA,NA,0.014965,"Feb 01, 2021<br><b>Alpha, Beta & Gamma</b> NA%"
"K417N","Omicron",2021-02-02,NA,NA,NA,"Feb 02, 2021<br><b>Omicron</b> NA%"
"L452R","Delta",2021-02-02,NA,NA,NA,"Feb 02, 2021<br><b>Delta</b> NA%"
"N501Y","Alpha, Beta & Gamma",2021-02-02,NA,NA,0.011352,"Feb 02, 2021<br><b>Alpha, Beta & Gamma</b> NA%"
"K417N","Omicron",2021-02-03,NA,NA,NA,"Feb 03, 2021<br><b>Omicron</b> NA%"
"L452R","Delta",2021-02-03,NA,NA,NA,"Feb 03, 2021<br><b>Delta</b> NA%"
"N501Y","Alpha, Beta & Gamma",2021-02-03,NA,NA,0.022703,"Feb 03, 2021<br><b>Alpha, Beta & Gamma</b> NA%"
"K417N","Omicron",2021-02-04,NA,NA,NA,"Feb 04, 2021<br><b>Omicron</b> NA%"
"L452R","Delta",2021-02-04,NA,NA,NA,"Feb 04, 2021<br><b>Delta</b> NA%"
"N501Y","Alpha, Beta & Gamma",2021-02-04,NA,NA,0.022703,"Feb 04, 2021<br><b>Alpha, Beta & Gamma</b> NA%"
"K417N","Omicron",2021-02-05,NA,NA,NA,"Feb 05, 2021<br><b>Omicron</b> NA%"
"L452R","Delta",2021-02-05,NA,NA,NA,"Feb 05, 2021<br><b>Delta</b> NA%"
"N501Y","Alpha, Beta & Gamma",2021-02-05,NA,NA,0.022703,"Feb 05, 2021<br><b>Alpha, Beta & Gamma</b> NA%"
"K417N","Omicron",2021-02-06,NA,NA,NA,"Feb 06, 2021<br><b>Omicron</b> NA%"
"L452R","Delta",2021-02-06,NA,NA,NA,"Feb 06, 2021<br><b>Delta</b> NaN%"
"N501Y","Alpha, Beta & Gamma",2021-02-06,0,0,0.011352,"Feb 06, 2021<br><b>Alpha, Beta & Gamma</b> 0%"
"K417N","Omicron",2021-02-07,NA,NA,NA,"Feb 07, 2021<br><b>Omicron</b> NA%"
"L452R","Delta",2021-02-07,NA,NA,NA,"Feb 07, 2021<br><b>Delta</b> NA%"
"N501Y","Alpha, Beta & Gamma",2021-02-07,NA,NA,0,"Feb 07, 2021<br><b>Alpha, Beta & Gamma</b> NA%"
"K417N","Omicron",2021-02-08,NA,NA,NA,"Feb 08, 2021<br><b>Omicron</b> NA%"
"L452R","Delta",2021-02-08,NA,NA,NA,"Feb 08, 2021<br><b>Delta</b> NA%"
"N501Y","Alpha, Beta & Gamma",2021-02-08,NA,NA,0,"Feb 08, 2021<br><b>Alpha, Beta & Gamma</b> NA%"
"K417N","Omicron",2021-02-09,NA,NA,NA,"Feb 09, 2021<br><b>Omicron</b> NA%"
"L452R","Delta",2021-02-09,NA,NA,NA,"Feb 09, 2021<br><b>Delta</b> NA%"
"N501Y","Alpha, Beta & Gamma",2021-02-09,NA,NA,0,"Feb 09, 2021<br><b>Alpha, Beta & Gamma</b> NA%"
"K417N","Omicron",2021-02-10,NA,NA,NA,"Feb 10, 2021<br><b>Omicron</b> NA%"
"L452R","Delta",2021-02-10,NA,NA,NA,"Feb 10, 2021<br><b>Delta</b> NA%"
"N501Y","Alpha, Beta & Gamma",2021-02-10,NA,NA,0,"Feb 10, 2021<br><b>Alpha, Beta & Gamma</b> NA%"
"K417N","Omicron",2021-02-11,NA,NA,NA,"Feb 11, 2021<br><b>Omicron</b> NA%"
"L452R","Delta",2021-02-11,NA,NA,NA,"Feb 11, 2021<br><b>Delta</b> NaN%"
"N501Y","Alpha, Beta & Gamma",2021-02-11,0.046464,0.046464,0.023232,"Feb 11, 2021<br><b>Alpha, Beta & Gamma</b> 4.65%"
"K417N","Omicron",2021-02-12,NA,NA,NA,"Feb 12, 2021<br><b>Omicron</b> NA%"
"L452R","Delta",2021-02-12,NA,NA,NA,"Feb 12, 2021<br><b>Delta</b> NaN%"
"N501Y","Alpha, Beta & Gamma",2021-02-12,0,0,0.015488,"Feb 12, 2021<br><b>Alpha, Beta & Gamma</b> 0%"
"K417N","Omicron",2021-02-13,NA,NA,NA,"Feb 13, 2021<br><b>Omicron</b> NA%"
"L452R","Delta",2021-02-13,NA,NA,NA,"Feb 13, 2021<br><b>Delta</b> NA%"
"N501Y","Alpha, Beta & Gamma",2021-02-13,NA,NA,0.023232,"Feb 13, 2021<br><b>Alpha, Beta & Gamma</b> NA%"
"K417N","Omicron",2021-02-14,NA,NA,NA,"Feb 14, 2021<br><b>Omicron</b> NA%"
"L452R","Delta",2021-02-14,NA,NA,NA,"Feb 14, 2021<br><b>Delta</b> NA%"
"N501Y","Alpha, Beta & Gamma",2021-02-14,NA,NA,0.023232,"Feb 14, 2021<br><b>Alpha, Beta & Gamma</b> NA%"
"K417N","Omicron",2021-02-15,NA,NA,NA,"Feb 15, 2021<br><b>Omicron</b> NA%"
"L452R","Delta",2021-02-15,NA,NA,NA,"Feb 15, 2021<br><b>Delta</b> NA%"
"N501Y","Alpha, Beta & Gamma",2021-02-15,NA,NA,0.023232,"Feb 15, 2021<br><b>Alpha, Beta & Gamma</b> NA%"
"K417N","Omicron",2021-02-16,NA,NA,NA,"Feb 16, 2021<br><b>Omicron</b> NA%"
"L452R","Delta",2021-02-16,NA,NA,NA,"Feb 16, 2021<br><b>Delta</b> NA%"
"N501Y","Alpha, Beta & Gamma",2021-02-16,NA,NA,0.023232,"Feb 16, 2021<br><b>Alpha, Beta & Gamma</b> NA%"
"K417N","Omicron",2021-02-17,NA,NA,NA,"Feb 17, 2021<br><b>Omicron</b> NA%"
"L452R","Delta",2021-02-17,NA,NA,NA,"Feb 17, 2021<br><b>Delta</b> NA%"
"N501Y","Alpha, Beta & Gamma",2021-02-17,NA,NA,0.023232,"Feb 17, 2021<br><b>Alpha, Beta & Gamma</b> NA%"
"K417N","Omicron",2021-02-18,NA,NA,NA,"Feb 18, 2021<br><b>Omicron</b> NA%"
"L452R","Delta",2021-02-18,NA,NA,NA,"Feb 18, 2021<br><b>Delta</b> NaN%"
"N501Y","Alpha, Beta & Gamma",2021-02-18,0.124921,0.124921,0.062461,"Feb 18, 2021<br><b>Alpha, Beta & Gamma</b> 12.49%"
"K417N","Omicron",2021-02-19,NA,NA,NA,"Feb 19, 2021<br><b>Omicron</b> NA%"
"L452R","Delta",2021-02-19,NA,NA,NA,"Feb 19, 2021<br><b>Delta</b> NA%"
"N501Y","Alpha, Beta & Gamma",2021-02-19,NA,NA,0.124921,"Feb 19, 2021<br><b>Alpha, Beta & Gamma</b> NA%"
"K417N","Omicron",2021-02-20,NA,NA,NA,"Feb 20, 2021<br><b>Omicron</b> NA%"
"L452R","Delta",2021-02-20,NA,NA,NA,"Feb 20, 2021<br><b>Delta</b> NA%"
"N501Y","Alpha, Beta & Gamma",2021-02-20,NA,NA,0.124921,"Feb 20, 2021<br><b>Alpha, Beta & Gamma</b> NA%"
"K417N","Omicron",2021-02-21,NA,NA,NA,"Feb 21, 2021<br><b>Omicron</b> NA%"
"L452R","Delta",2021-02-21,NA,NA,NA,"Feb 21, 2021<br><b>Delta</b> NA%"
"N501Y","Alpha, Beta & Gamma",2021-02-21,NA,NA,0.124921,"Feb 21, 2021<br><b>Alpha, Beta & Gamma</b> NA%"
"K417N","Omicron",2021-02-22,NA,NA,NA,"Feb 22, 2021<br><b>Omicron</b> NA%"
"L452R","Delta",2021-02-22,NA,NA,NA,"Feb 22, 2021<br><b>Delta</b> NaN%"
"N501Y","Alpha, Beta & Gamma",2021-02-22,0.1999,0.1999,0.162411,"Feb 22, 2021<br><b>Alpha, Beta & Gamma</b> 19.99%"
"K417N","Omicron",2021-02-23,NA,NA,NA,"Feb 23, 2021<br><b>Omicron</b> NA%"
"L452R","Delta",2021-02-23,NA,NA,NA,"Feb 23, 2021<br><b>Delta</b> NA%"
"N501Y","Alpha, Beta & Gamma",2021-02-23,NA,0.168095,0.164305,"Feb 23, 2021<br><b>Alpha, Beta & Gamma</b> NA%"
"K417N","Omicron",2021-02-24,NA,NA,NA,"Feb 24, 2021<br><b>Omicron</b> NA%"
"L452R","Delta",2021-02-24,NA,NA,NA,"Feb 24, 2021<br><b>Delta</b> NaN%"
"N501Y","Alpha, Beta & Gamma",2021-02-24,0.136289,0.136289,0.157301,"Feb 24, 2021<br><b>Alpha, Beta & Gamma</b> 13.63%"
"K417N","Omicron",2021-02-25,NA,NA,NA,"Feb 25, 2021<br><b>Omicron</b> NA%"
"L452R","Delta",2021-02-25,NA,NA,NA,"Feb 25, 2021<br><b>Delta</b> NA%"
"N501Y","Alpha, Beta & Gamma",2021-02-25,NA,NA,0.168095,"Feb 25, 2021<br><b>Alpha, Beta & Gamma</b> NA%"
"K417N","Omicron",2021-02-26,NA,NA,NA,"Feb 26, 2021<br><b>Omicron</b> NA%"
"L452R","Delta",2021-02-26,NA,NA,NA,"Feb 26, 2021<br><b>Delta</b> NA%"
"N501Y","Alpha, Beta & Gamma",2021-02-26,NA,NA,0.168095,"Feb 26, 2021<br><b>Alpha, Beta & Gamma</b> NA%"
"K417N","Omicron",2021-02-27,NA,NA,NA,"Feb 27, 2021<br><b>Omicron</b> NA%"
"L452R","Delta",2021-02-27,NA,NA,NA,"Feb 27, 2021<br><b>Delta</b> NA%"
"N501Y","Alpha, Beta & Gamma",2021-02-27,NA,NA,0.168095,"Feb 27, 2021<br><b>Alpha, Beta & Gamma</b> NA%"
"K417N","Omicron",2021-02-28,NA,NA,NA,"Feb 28, 2021<br><b>Omicron</b> NA%"
"L452R","Delta",2021-02-28,NA,NA,NA,"Feb 28, 2021<br><b>Delta</b> NA%"
"N501Y","Alpha, Beta & Gamma",2021-02-28,NA,NA,0.168095,"Feb 28, 2021<br><b>Alpha, Beta & Gamma</b> NA%"
"K417N","Omicron",2021-03-01,NA,NA,NA,"Mar 01, 2021<br><b>Omicron</b> NA%"
"L452R","Delta",2021-03-01,NA,NA,NA,"Mar 01, 2021<br><b>Delta</b> NA%"
"N501Y","Alpha, Beta & Gamma",2021-03-01,NA,NA,0.152192,"Mar 01, 2021<br><b>Alpha, Beta & Gamma</b> NA%"
"K417N","Omicron",2021-03-02,NA,NA,NA,"Mar 02, 2021<br><b>Omicron</b> NA%"
"L452R","Delta",2021-03-02,NA,NA,NA,"Mar 02, 2021<br><b>Delta</b> NA%"
"N501Y","Alpha, Beta & Gamma",2021-03-02,NA,NA,0.136289,"Mar 02, 2021<br><b>Alpha, Beta & Gamma</b> NA%"
"K417N","Omicron",2021-03-03,NA,NA,NA,"Mar 03, 2021<br><b>Omicron</b> NA%"
"L452R","Delta",2021-03-03,NA,NA,NA,"Mar 03, 2021<br><b>Delta</b> NA%"
"N501Y","Alpha, Beta & Gamma",2021-03-03,NA,NA,0.124927,"Mar 03, 2021<br><b>Alpha, Beta & Gamma</b> NA%"
"K417N","Omicron",2021-03-04,NA,NA,NA,"Mar 04, 2021<br><b>Omicron</b> NA%"
"L452R","Delta",2021-03-04,NA,NA,NA,"Mar 04, 2021<br><b>Delta</b> NA%"
"N501Y","Alpha, Beta & Gamma",2021-03-04,NA,NA,0.113565,"Mar 04, 2021<br><b>Alpha, Beta & Gamma</b> NA%"
"K417N","Omicron",2021-03-05,NA,NA,NA,"Mar 05, 2021<br><b>Omicron</b> NA%"
"L452R","Delta",2021-03-05,NA,NA,NA,"Mar 05, 2021<br><b>Delta</b> NA%"
"N501Y","Alpha, Beta & Gamma",2021-03-05,NA,NA,0.102202,"Mar 05, 2021<br><b>Alpha, Beta & Gamma</b> NA%"
"K417N","Omicron",2021-03-06,NA,NA,NA,"Mar 06, 2021<br><b>Omicron</b> NA%"
"L452R","Delta",2021-03-06,NA,NA,NA,"Mar 06, 2021<br><b>Delta</b> NA%"
"N501Y","Alpha, Beta & Gamma",2021-03-06,NA,NA,0.09084,"Mar 06, 2021<br><b>Alpha, Beta & Gamma</b> NA%"
"K417N","Omicron",2021-03-07,NA,NA,NA,"Mar 07, 2021<br><b>Omicron</b> NA%"
"L452R","Delta",2021-03-07,NA,NA,NA,"Mar 07, 2021<br><b>Delta</b> NA%"
"N501Y","Alpha, Beta & Gamma",2021-03-07,NA,NA,0.079478,"Mar 07, 2021<br><b>Alpha, Beta & Gamma</b> NA%"
"K417N","Omicron",2021-03-08,NA,NA,NA,"Mar 08, 2021<br><b>Omicron</b> NA%"
"L452R","Delta",2021-03-08,NA,NA,NA,"Mar 08, 2021<br><b>Delta</b> NaN%"
"N501Y","Alpha, Beta & Gamma",2021-03-08,0.068115,0.068115,0.068115,"Mar 08, 2021<br><b>Alpha, Beta & Gamma</b> 6.81%"
"K417N","Omicron",2021-03-09,NA,NA,NA,"Mar 09, 2021<br><b>Omicron</b> NA%"
"L452R","Delta",2021-03-09,NA,NA,NA,"Mar 09, 2021<br><b>Delta</b> NA%"
"N501Y","Alpha, Beta & Gamma",2021-03-09,NA,NA,0.068115,"Mar 09, 2021<br><b>Alpha, Beta & Gamma</b> NA%"
"K417N","Omicron",2021-03-10,NA,NA,NA,"Mar 10, 2021<br><b>Omicron</b> NA%"
"L452R","Delta",2021-03-10,NA,NA,NA,"Mar 10, 2021<br><b>Delta</b> NA%"
"N501Y","Alpha, Beta & Gamma",2021-03-10,NA,NA,0.068115,"Mar 10, 2021<br><b>Alpha, Beta & Gamma</b> NA%"
"K417N","Omicron",2021-03-11,NA,NA,NA,"Mar 11, 2021<br><b>Omicron</b> NA%"
"L452R","Delta",2021-03-11,NA,NA,NA,"Mar 11, 2021<br><b>Delta</b> NA%"
"N501Y","Alpha, Beta & Gamma",2021-03-11,NA,NA,0.068115,"Mar 11, 2021<br><b>Alpha, Beta & Gamma</b> NA%"
"K417N","Omicron",2021-03-12,NA,NA,NA,"Mar 12, 2021<br><b>Omicron</b> NA%"
"L452R","Delta",2021-03-12,NA,NA,NA,"Mar 12, 2021<br><b>Delta</b> NA%"
"N501Y","Alpha, Beta & Gamma",2021-03-12,NA,NA,0.068115,"Mar 12, 2021<br><b>Alpha, Beta & Gamma</b> NA%"
"K417N","Omicron",2021-03-13,NA,NA,NA,"Mar 13, 2021<br><b>Omicron</b> NA%"
"L452R","Delta",2021-03-13,NA,NA,NA,"Mar 13, 2021<br><b>Delta</b> NA%"
"N501Y","Alpha, Beta & Gamma",2021-03-13,NA,NA,0.068115,"Mar 13, 2021<br><b>Alpha, Beta & Gamma</b> NA%"
"K417N","Omicron",2021-03-14,NA,NA,NA,"Mar 14, 2021<br><b>Omicron</b> NA%"
"L452R","Delta",2021-03-14,NA,NA,NA,"Mar 14, 2021<br><b>Delta</b> NaN%"
"N501Y","Alpha, Beta & Gamma",2021-03-14,0.166558,0.166558,0.117337,"Mar 14, 2021<br><b>Alpha, Beta & Gamma</b> 16.66%"
"K417N","Omicron",2021-03-15,NA,NA,NA,"Mar 15, 2021<br><b>Omicron</b> NA%"
"L452R","Delta",2021-03-15,NA,NA,NA,"Mar 15, 2021<br><b>Delta</b> NA%"
"N501Y","Alpha, Beta & Gamma",2021-03-15,NA,NA,0.166558,"Mar 15, 2021<br><b>Alpha, Beta & Gamma</b> NA%"
"K417N","Omicron",2021-03-16,NA,NA,NA,"Mar 16, 2021<br><b>Omicron</b> NA%"
"L452R","Delta",2021-03-16,NA,NA,NA,"Mar 16, 2021<br><b>Delta</b> NA%"
"N501Y","Alpha, Beta & Gamma",2021-03-16,NA,NA,0.166558,"Mar 16, 2021<br><b>Alpha, Beta & Gamma</b> NA%"
"K417N","Omicron",2021-03-17,NA,NA,NA,"Mar 17, 2021<br><b>Omicron</b> NA%"
"L452R","Delta",2021-03-17,NA,NA,NA,"Mar 17, 2021<br><b>Delta</b> NA%"
"N501Y","Alpha, Beta & Gamma",2021-03-17,NA,NA,0.166558,"Mar 17, 2021<br><b>Alpha, Beta & Gamma</b> NA%"
"K417N","Omicron",2021-03-18,NA,NA,NA,"Mar 18, 2021<br><b>Omicron</b> NA%"
"L452R","Delta",2021-03-18,NA,NA,NA,"Mar 18, 2021<br><b>Delta</b> NA%"
"N501Y","Alpha, Beta & Gamma",2021-03-18,NA,NA,0.166558,"Mar 18, 2021<br><b>Alpha, Beta & Gamma</b> NA%"
"K417N","Omicron",2021-03-19,NA,NA,NA,"Mar 19, 2021<br><b>Omicron</b> NA%"
"L452R","Delta",2021-03-19,NA,NA,NA,"Mar 19, 2021<br><b>Delta</b> NA%"
"N501Y","Alpha, Beta & Gamma",2021-03-19,NA,NA,0.166558,"Mar 19, 2021<br><b>Alpha, Beta & Gamma</b> NA%"
"K417N","Omicron",2021-03-20,NA,NA,NA,"Mar 20, 2021<br><b>Omicron</b> NA%"
"L452R","Delta",2021-03-20,NA,NA,NA,"Mar 20, 2021<br><b>Delta</b> NA%"
"N501Y","Alpha, Beta & Gamma",2021-03-20,NA,NA,0.166558,"Mar 20, 2021<br><b>Alpha, Beta & Gamma</b> NA%"
"K417N","Omicron",2021-03-21,NA,NA,NA,"Mar 21, 2021<br><b>Omicron</b> NA%"
"L452R","Delta",2021-03-21,NA,NA,NA,"Mar 21, 2021<br><b>Delta</b> NaN%"
"N501Y","Alpha, Beta & Gamma",2021-03-21,0.35077,0.35077,0.35077,"Mar 21, 2021<br><b>Alpha, Beta & Gamma</b> 35.08%"
"K417N","Omicron",2021-03-22,NA,NA,NA,"Mar 22, 2021<br><b>Omicron</b> NA%"
"L452R","Delta",2021-03-22,NA,NA,NA,"Mar 22, 2021<br><b>Delta</b> NA%"
"N501Y","Alpha, Beta & Gamma",2021-03-22,NA,NA,0.35077,"Mar 22, 2021<br><b>Alpha, Beta & Gamma</b> NA%"
"K417N","Omicron",2021-03-23,NA,NA,NA,"Mar 23, 2021<br><b>Omicron</b> NA%"
"L452R","Delta",2021-03-23,NA,NA,NA,"Mar 23, 2021<br><b>Delta</b> NA%"
"N501Y","Alpha, Beta & Gamma",2021-03-23,NA,NA,0.35077,"Mar 23, 2021<br><b>Alpha, Beta & Gamma</b> NA%"
"K417N","Omicron",2021-03-24,NA,NA,NA,"Mar 24, 2021<br><b>Omicron</b> NA%"
"L452R","Delta",2021-03-24,NA,NA,NA,"Mar 24, 2021<br><b>Delta</b> NA%"
"N501Y","Alpha, Beta & Gamma",2021-03-24,NA,NA,0.35077,"Mar 24, 2021<br><b>Alpha, Beta & Gamma</b> NA%"
"K417N","Omicron",2021-03-25,NA,NA,NA,"Mar 25, 2021<br><b>Omicron</b> NA%"
"L452R","Delta",2021-03-25,NA,NA,NA,"Mar 25, 2021<br><b>Delta</b> NaN%"
"N501Y","Alpha, Beta & Gamma",2021-03-25,0.743723,0.743723,0.547247,"Mar 25, 2021<br><b>Alpha, Beta & Gamma</b> 74.37%"
"K417N","Omicron",2021-03-26,NA,NA,NA,"Mar 26, 2021<br><b>Omicron</b> NA%"
"L452R","Delta",2021-03-26,NA,NA,NA,"Mar 26, 2021<br><b>Delta</b> NA%"
"N501Y","Alpha, Beta & Gamma",2021-03-26,NA,NA,0.547247,"Mar 26, 2021<br><b>Alpha, Beta & Gamma</b> NA%"
"K417N","Omicron",2021-03-27,NA,NA,NA,"Mar 27, 2021<br><b>Omicron</b> NA%"
"L452R","Delta",2021-03-27,NA,NA,NA,"Mar 27, 2021<br><b>Delta</b> NA%"
"N501Y","Alpha, Beta & Gamma",2021-03-27,NA,NA,0.547247,"Mar 27, 2021<br><b>Alpha, Beta & Gamma</b> NA%"
"K417N","Omicron",2021-03-28,NA,NA,NA,"Mar 28, 2021<br><b>Omicron</b> NA%"
"L452R","Delta",2021-03-28,NA,NA,NA,"Mar 28, 2021<br><b>Delta</b> NA%"
"N501Y","Alpha, Beta & Gamma",2021-03-28,NA,NA,0.743723,"Mar 28, 2021<br><b>Alpha, Beta & Gamma</b> NA%"
"K417N","Omicron",2021-03-29,NA,NA,NA,"Mar 29, 2021<br><b>Omicron</b> NA%"
"L452R","Delta",2021-03-29,NA,NA,NA,"Mar 29, 2021<br><b>Delta</b> NA%"
"N501Y","Alpha, Beta & Gamma",2021-03-29,NA,NA,0.743723,"Mar 29, 2021<br><b>Alpha, Beta & Gamma</b> NA%"
"K417N","Omicron",2021-03-30,NA,NA,NA,"Mar 30, 2021<br><b>Omicron</b> NA%"
"L452R","Delta",2021-03-30,NA,NA,NA,"Mar 30, 2021<br><b>Delta</b> NA%"
"N501Y","Alpha, Beta & Gamma",2021-03-30,NA,NA,0.743723,"Mar 30, 2021<br><b>Alpha, Beta & Gamma</b> NA%"
"K417N","Omicron",2021-03-31,NA,NA,NA,"Mar 31, 2021<br><b>Omicron</b> NA%"
"L452R","Delta",2021-03-31,NA,NA,NA,"Mar 31, 2021<br><b>Delta</b> NA%"
"N501Y","Alpha, Beta & Gamma",2021-03-31,NA,NA,0.743723,"Mar 31, 2021<br><b>Alpha, Beta & Gamma</b> NA%"
"K417N","Omicron",2021-04-01,NA,NA,NA,"Apr 01, 2021<br><b>Omicron</b> NA%"
"L452R","Delta",2021-04-01,NA,NA,NA,"Apr 01, 2021<br><b>Delta</b> NaN%"
"N501Y","Alpha, Beta & Gamma",2021-04-01,0.654828,0.654828,0.654828,"Apr 01, 2021<br><b>Alpha, Beta & Gamma</b> 65.48%"
"K417N","Omicron",2021-04-02,NA,NA,NA,"Apr 02, 2021<br><b>Omicron</b> NA%"
"L452R","Delta",2021-04-02,NA,NA,NA,"Apr 02, 2021<br><b>Delta</b> NaN%"
"N501Y","Alpha, Beta & Gamma",2021-04-02,0.689821,0.689821,0.672324,"Apr 02, 2021<br><b>Alpha, Beta & Gamma</b> 68.98%"
"K417N","Omicron",2021-04-03,NA,NA,NA,"Apr 03, 2021<br><b>Omicron</b> NA%"
"L452R","Delta",2021-04-03,NA,NA,NA,"Apr 03, 2021<br><b>Delta</b> NaN%"
"N501Y","Alpha, Beta & Gamma",2021-04-03,0.790347,0.790347,0.711665,"Apr 03, 2021<br><b>Alpha, Beta & Gamma</b> 79.03%"
"K417N","Omicron",2021-04-04,NA,NA,NA,"Apr 04, 2021<br><b>Omicron</b> NA%"
"L452R","Delta",2021-04-04,NA,NA,NA,"Apr 04, 2021<br><b>Delta</b> NaN%"
"N501Y","Alpha, Beta & Gamma",2021-04-04,0.69337,0.69337,0.707091,"Apr 04, 2021<br><b>Alpha, Beta & Gamma</b> 69.34%"
"K417N","Omicron",2021-04-05,NA,NA,NA,"Apr 05, 2021<br><b>Omicron</b> NA%"
"L452R","Delta",2021-04-05,NA,NA,NA,"Apr 05, 2021<br><b>Delta</b> NaN%"
"N501Y","Alpha, Beta & Gamma",2021-04-05,0.770598,0.770598,0.719793,"Apr 05, 2021<br><b>Alpha, Beta & Gamma</b> 77.06%"
"K417N","Omicron",2021-04-06,NA,NA,NA,"Apr 06, 2021<br><b>Omicron</b> NA%"
"L452R","Delta",2021-04-06,NA,NA,NA,"Apr 06, 2021<br><b>Delta</b> NaN%"
"N501Y","Alpha, Beta & Gamma",2021-04-06,0.749837,0.749837,0.7248,"Apr 06, 2021<br><b>Alpha, Beta & Gamma</b> 74.98%"
"K417N","Omicron",2021-04-07,NA,NA,NA,"Apr 07, 2021<br><b>Omicron</b> NA%"
"L452R","Delta",2021-04-07,NA,NA,NA,"Apr 07, 2021<br><b>Delta</b> NA%"
"N501Y","Alpha, Beta & Gamma",2021-04-07,NA,0.74618,0.727854,"Apr 07, 2021<br><b>Alpha, Beta & Gamma</b> NA%"
"K417N","Omicron",2021-04-08,NA,NA,NA,"Apr 08, 2021<br><b>Omicron</b> NA%"
"L452R","Delta",2021-04-08,NA,NA,NA,"Apr 08, 2021<br><b>Delta</b> NA%"
"N501Y","Alpha, Beta & Gamma",2021-04-08,NA,0.742524,0.740382,"Apr 08, 2021<br><b>Alpha, Beta & Gamma</b> NA%"
"K417N","Omicron",2021-04-09,NA,NA,NA,"Apr 09, 2021<br><b>Omicron</b> NA%"
"L452R","Delta",2021-04-09,NA,NA,NA,"Apr 09, 2021<br><b>Delta</b> NaN%"
"N501Y","Alpha, Beta & Gamma",2021-04-09,0.738867,0.738867,0.747389,"Apr 09, 2021<br><b>Alpha, Beta & Gamma</b> 73.89%"
"K417N","Omicron",2021-04-10,NA,NA,NA,"Apr 10, 2021<br><b>Omicron</b> NA%"
"L452R","Delta",2021-04-10,NA,NA,NA,"Apr 10, 2021<br><b>Delta</b> NA%"
"N501Y","Alpha, Beta & Gamma",2021-04-10,NA,NA,0.740229,"Apr 10, 2021<br><b>Alpha, Beta & Gamma</b> NA%"
"K417N","Omicron",2021-04-11,NA,NA,NA,"Apr 11, 2021<br><b>Omicron</b> NA%"
"L452R","Delta",2021-04-11,NA,NA,NA,"Apr 11, 2021<br><b>Delta</b> NA%"
"N501Y","Alpha, Beta & Gamma",2021-04-11,NA,NA,0.749601,"Apr 11, 2021<br><b>Alpha, Beta & Gamma</b> NA%"
"K417N","Omicron",2021-04-12,NA,NA,NA,"Apr 12, 2021<br><b>Omicron</b> NA%"
"L452R","Delta",2021-04-12,NA,NA,NA,"Apr 12, 2021<br><b>Delta</b> NA%"
"N501Y","Alpha, Beta & Gamma",2021-04-12,NA,NA,0.744352,"Apr 12, 2021<br><b>Alpha, Beta & Gamma</b> NA%"
"K417N","Omicron",2021-04-13,NA,NA,NA,"Apr 13, 2021<br><b>Omicron</b> NA%"
"L452R","Delta",2021-04-13,NA,NA,NA,"Apr 13, 2021<br><b>Delta</b> NA%"
"N501Y","Alpha, Beta & Gamma",2021-04-13,NA,NA,0.742524,"Apr 13, 2021<br><b>Alpha, Beta & Gamma</b> NA%"
"K417N","Omicron",2021-04-14,NA,NA,NA,"Apr 14, 2021<br><b>Omicron</b> NA%"
"L452R","Delta",2021-04-14,NA,NA,NA,"Apr 14, 2021<br><b>Delta</b> NA%"
"N501Y","Alpha, Beta & Gamma",2021-04-14,NA,NA,0.740695,"Apr 14, 2021<br><b>Alpha, Beta & Gamma</b> NA%"
"K417N","Omicron",2021-04-15,NA,NA,NA,"Apr 15, 2021<br><b>Omicron</b> NA%"
"L452R","Delta",2021-04-15,NA,NA,NA,"Apr 15, 2021<br><b>Delta</b> NA%"
"N501Y","Alpha, Beta & Gamma",2021-04-15,NA,NA,0.738867,"Apr 15, 2021<br><b>Alpha, Beta & Gamma</b> NA%"
"K417N","Omicron",2021-04-16,NA,NA,NA,"Apr 16, 2021<br><b>Omicron</b> NA%"
"L452R","Delta",2021-04-16,NA,NA,NA,"Apr 16, 2021<br><b>Delta</b> NA%"
"N501Y","Alpha, Beta & Gamma",2021-04-16,NA,NA,0.760244,"Apr 16, 2021<br><b>Alpha, Beta & Gamma</b> NA%"
"K417N","Omicron",2021-04-17,NA,NA,NA,"Apr 17, 2021<br><b>Omicron</b> NA%"
"L452R","Delta",2021-04-17,NA,NA,NA,"Apr 17, 2021<br><b>Delta</b> NA%"
"N501Y","Alpha, Beta & Gamma",2021-04-17,NA,NA,0.781621,"Apr 17, 2021<br><b>Alpha, Beta & Gamma</b> NA%"
"K417N","Omicron",2021-04-18,NA,NA,NA,"Apr 18, 2021<br><b>Omicron</b> NA%"
"L452R","Delta",2021-04-18,NA,NA,NA,"Apr 18, 2021<br><b>Delta</b> NaN%"
"N501Y","Alpha, Beta & Gamma",2021-04-18,0.802999,0.802999,0.802999,"Apr 18, 2021<br><b>Alpha, Beta & Gamma</b> 80.3%"
"K417N","Omicron",2021-04-19,NA,NA,NA,"Apr 19, 2021<br><b>Omicron</b> NA%"
"L452R","Delta",2021-04-19,NA,NA,NA,"Apr 19, 2021<br><b>Delta</b> NaN%"
"N501Y","Alpha, Beta & Gamma",2021-04-19,0.651655,0.651655,0.727327,"Apr 19, 2021<br><b>Alpha, Beta & Gamma</b> 65.17%"
"K417N","Omicron",2021-04-20,NA,NA,NA,"Apr 20, 2021<br><b>Omicron</b> NA%"
"L452R","Delta",2021-04-20,NA,NA,NA,"Apr 20, 2021<br><b>Delta</b> NA%"
"N501Y","Alpha, Beta & Gamma",2021-04-20,NA,0.740746,0.7318,"Apr 20, 2021<br><b>Alpha, Beta & Gamma</b> NA%"
"K417N","Omicron",2021-04-21,NA,NA,NA,"Apr 21, 2021<br><b>Omicron</b> NA%"
"L452R","Delta",2021-04-21,NA,NA,NA,"Apr 21, 2021<br><b>Delta</b> NA%"
"N501Y","Alpha, Beta & Gamma",2021-04-21,NA,0.829838,0.756309,"Apr 21, 2021<br><b>Alpha, Beta & Gamma</b> NA%"
"K417N","Omicron",2021-04-22,NA,NA,NA,"Apr 22, 2021<br><b>Omicron</b> NA%"
"L452R","Delta",2021-04-22,NA,NA,NA,"Apr 22, 2021<br><b>Delta</b> NaN%"
"N501Y","Alpha, Beta & Gamma",2021-04-22,0.918929,0.918929,0.788833,"Apr 22, 2021<br><b>Alpha, Beta & Gamma</b> 91.89%"
"K417N","Omicron",2021-04-23,NA,NA,NA,"Apr 23, 2021<br><b>Omicron</b> NA%"
"L452R","Delta",2021-04-23,NA,NA,NA,"Apr 23, 2021<br><b>Delta</b> NA%"
"N501Y","Alpha, Beta & Gamma",2021-04-23,NA,NA,0.788833,"Apr 23, 2021<br><b>Alpha, Beta & Gamma</b> NA%"
"K417N","Omicron",2021-04-24,NA,NA,NA,"Apr 24, 2021<br><b>Omicron</b> NA%"
"L452R","Delta",2021-04-24,NA,NA,NA,"Apr 24, 2021<br><b>Delta</b> NA%"
"N501Y","Alpha, Beta & Gamma",2021-04-24,NA,NA,0.788833,"Apr 24, 2021<br><b>Alpha, Beta & Gamma</b> NA%"
"K417N","Omicron",2021-04-25,NA,NA,NA,"Apr 25, 2021<br><b>Omicron</b> NA%"
"L452R","Delta",2021-04-25,NA,NA,NA,"Apr 25, 2021<br><b>Delta</b> NA%"
"N501Y","Alpha, Beta & Gamma",2021-04-25,NA,NA,0.785292,"Apr 25, 2021<br><b>Alpha, Beta & Gamma</b> NA%"
"K417N","Omicron",2021-04-26,NA,NA,NA,"Apr 26, 2021<br><b>Omicron</b> NA%"
"L452R","Delta",2021-04-26,NA,NA,NA,"Apr 26, 2021<br><b>Delta</b> NaN%"
"N501Y","Alpha, Beta & Gamma",2021-04-26,0.789688,0.789688,0.8198,"Apr 26, 2021<br><b>Alpha, Beta & Gamma</b> 78.97%"
"K417N","Omicron",2021-04-27,NA,NA,NA,"Apr 27, 2021<br><b>Omicron</b> NA%"
"L452R","Delta",2021-04-27,NA,NA,NA,"Apr 27, 2021<br><b>Delta</b> NA%"
"N501Y","Alpha, Beta & Gamma",2021-04-27,NA,0.758976,0.824358,"Apr 27, 2021<br><b>Alpha, Beta & Gamma</b> NA%"
"K417N","Omicron",2021-04-28,NA,NA,NA,"Apr 28, 2021<br><b>Omicron</b> NA%"
"L452R","Delta",2021-04-28,NA,NA,NA,"Apr 28, 2021<br><b>Delta</b> NA%"
"N501Y","Alpha, Beta & Gamma",2021-04-28,NA,0.728264,0.798964,"Apr 28, 2021<br><b>Alpha, Beta & Gamma</b> NA%"
"K417N","Omicron",2021-04-29,NA,NA,NA,"Apr 29, 2021<br><b>Omicron</b> NA%"
"L452R","Delta",2021-04-29,NA,NA,NA,"Apr 29, 2021<br><b>Delta</b> NaN%"
"N501Y","Alpha, Beta & Gamma",2021-04-29,0.697551,0.697551,0.74362,"Apr 29, 2021<br><b>Alpha, Beta & Gamma</b> 69.76%"
"K417N","Omicron",2021-04-30,NA,NA,NA,"Apr 30, 2021<br><b>Omicron</b> NA%"
"L452R","Delta",2021-04-30,NA,NA,NA,"Apr 30, 2021<br><b>Delta</b> NA%"
"N501Y","Alpha, Beta & Gamma",2021-04-30,NA,NA,0.74362,"Apr 30, 2021<br><b>Alpha, Beta & Gamma</b> NA%"
"K417N","Omicron",2021-05-01,NA,NA,NA,"May 01, 2021<br><b>Omicron</b> NA%"
"L452R","Delta",2021-05-01,NA,NA,NA,"May 01, 2021<br><b>Delta</b> NA%"
"N501Y","Alpha, Beta & Gamma",2021-05-01,NA,NA,0.74362,"May 01, 2021<br><b>Alpha, Beta & Gamma</b> NA%"
"K417N","Omicron",2021-05-02,NA,NA,NA,"May 02, 2021<br><b>Omicron</b> NA%"
"L452R","Delta",2021-05-02,NA,NA,NA,"May 02, 2021<br><b>Delta</b> NA%"
"N501Y","Alpha, Beta & Gamma",2021-05-02,NA,NA,0.74362,"May 02, 2021<br><b>Alpha, Beta & Gamma</b> NA%"
"K417N","Omicron",2021-05-03,NA,NA,NA,"May 03, 2021<br><b>Omicron</b> NA%"
"L452R","Delta",2021-05-03,NA,NA,NA,"May 03, 2021<br><b>Delta</b> NA%"
"N501Y","Alpha, Beta & Gamma",2021-05-03,NA,NA,0.728264,"May 03, 2021<br><b>Alpha, Beta & Gamma</b> NA%"
"K417N","Omicron",2021-05-04,NA,NA,NA,"May 04, 2021<br><b>Omicron</b> NA%"
"L452R","Delta",2021-05-04,NA,NA,NA,"May 04, 2021<br><b>Delta</b> NA%"
"N501Y","Alpha, Beta & Gamma",2021-05-04,NA,NA,0.712907,"May 04, 2021<br><b>Alpha, Beta & Gamma</b> NA%"
"K417N","Omicron",2021-05-05,NA,NA,NA,"May 05, 2021<br><b>Omicron</b> NA%"
"L452R","Delta",2021-05-05,NA,NA,NA,"May 05, 2021<br><b>Delta</b> NaN%"
"N501Y","Alpha, Beta & Gamma",2021-05-05,0.688991,0.688991,0.693271,"May 05, 2021<br><b>Alpha, Beta & Gamma</b> 68.9%"
"K417N","Omicron",2021-05-06,NA,NA,NA,"May 06, 2021<br><b>Omicron</b> NA%"
"L452R","Delta",2021-05-06,NA,NA,NA,"May 06, 2021<br><b>Delta</b> NA%"
"N501Y","Alpha, Beta & Gamma",2021-05-06,NA,0.679605,0.684298,"May 06, 2021<br><b>Alpha, Beta & Gamma</b> NA%"
"K417N","Omicron",2021-05-07,NA,NA,NA,"May 07, 2021<br><b>Omicron</b> NA%"
"L452R","Delta",2021-05-07,NA,NA,NA,"May 07, 2021<br><b>Delta</b> NA%"
"N501Y","Alpha, Beta & Gamma",2021-05-07,NA,0.67022,0.679605,"May 07, 2021<br><b>Alpha, Beta & Gamma</b> NA%"
"K417N","Omicron",2021-05-08,NA,NA,NA,"May 08, 2021<br><b>Omicron</b> NA%"
"L452R","Delta",2021-05-08,NA,NA,NA,"May 08, 2021<br><b>Delta</b> NaN%"
"N501Y","Alpha, Beta & Gamma",2021-05-08,0.660834,0.660834,0.674912,"May 08, 2021<br><b>Alpha, Beta & Gamma</b> 66.08%"
"K417N","Omicron",2021-05-09,NA,NA,NA,"May 09, 2021<br><b>Omicron</b> NA%"
"L452R","Delta",2021-05-09,NA,NA,NA,"May 09, 2021<br><b>Delta</b> NaN%"
"N501Y","Alpha, Beta & Gamma",2021-05-09,0.900088,0.900088,0.719948,"May 09, 2021<br><b>Alpha, Beta & Gamma</b> 90.01%"
"K417N","Omicron",2021-05-10,NA,NA,NA,"May 10, 2021<br><b>Omicron</b> NA%"
"L452R","Delta",2021-05-10,NA,NA,NA,"May 10, 2021<br><b>Delta</b> NA%"
"N501Y","Alpha, Beta & Gamma",2021-05-10,NA,0.916553,0.752715,"May 10, 2021<br><b>Alpha, Beta & Gamma</b> NA%"
"K417N","Omicron",2021-05-11,NA,NA,NA,"May 11, 2021<br><b>Omicron</b> NA%"
"L452R","Delta",2021-05-11,NA,NA,NA,"May 11, 2021<br><b>Delta</b> NA%"
"N501Y","Alpha, Beta & Gamma",2021-05-11,NA,0.933019,0.778473,"May 11, 2021<br><b>Alpha, Beta & Gamma</b> NA%"
"K417N","Omicron",2021-05-12,NA,NA,NA,"May 12, 2021<br><b>Omicron</b> NA%"
"L452R","Delta",2021-05-12,NA,NA,NA,"May 12, 2021<br><b>Delta</b> NaN%"
"N501Y","Alpha, Beta & Gamma",2021-05-12,0.949485,0.949485,0.815686,"May 12, 2021<br><b>Alpha, Beta & Gamma</b> 94.95%"
"K417N","Omicron",2021-05-13,NA,NA,NA,"May 13, 2021<br><b>Omicron</b> NA%"
"L452R","Delta",2021-05-13,NA,NA,NA,"May 13, 2021<br><b>Delta</b> NA%"
"N501Y","Alpha, Beta & Gamma",2021-05-13,NA,NA,0.838366,"May 13, 2021<br><b>Alpha, Beta & Gamma</b> NA%"
"K417N","Omicron",2021-05-14,NA,NA,NA,"May 14, 2021<br><b>Omicron</b> NA%"
"L452R","Delta",2021-05-14,NA,NA,NA,"May 14, 2021<br><b>Delta</b> NA%"
"N501Y","Alpha, Beta & Gamma",2021-05-14,NA,NA,0.871996,"May 14, 2021<br><b>Alpha, Beta & Gamma</b> NA%"
"K417N","Omicron",2021-05-15,NA,NA,NA,"May 15, 2021<br><b>Omicron</b> NA%"
"L452R","Delta",2021-05-15,NA,NA,NA,"May 15, 2021<br><b>Delta</b> NA%"
"N501Y","Alpha, Beta & Gamma",2021-05-15,NA,NA,0.924786,"May 15, 2021<br><b>Alpha, Beta & Gamma</b> NA%"
"K417N","Omicron",2021-05-16,NA,NA,NA,"May 16, 2021<br><b>Omicron</b> NA%"
"L452R","Delta",2021-05-16,NA,NA,NA,"May 16, 2021<br><b>Delta</b> NaN%"
"N501Y","Alpha, Beta & Gamma",2021-05-16,0.854306,0.854306,0.913341,"May 16, 2021<br><b>Alpha, Beta & Gamma</b> 85.43%"
"K417N","Omicron",2021-05-17,NA,NA,NA,"May 17, 2021<br><b>Omicron</b> NA%"
"L452R","Delta",2021-05-17,NA,NA,NA,"May 17, 2021<br><b>Delta</b> NaN%"
"N501Y","Alpha, Beta & Gamma",2021-05-17,0.75008,0.75008,0.871723,"May 17, 2021<br><b>Alpha, Beta & Gamma</b> 75.01%"
"K417N","Omicron",2021-05-18,NA,NA,NA,"May 18, 2021<br><b>Omicron</b> NA%"
"L452R","Delta",2021-05-18,NA,NA,NA,"May 18, 2021<br><b>Delta</b> NaN%"
"N501Y","Alpha, Beta & Gamma",2021-05-18,0.793208,0.793208,0.83677,"May 18, 2021<br><b>Alpha, Beta & Gamma</b> 79.32%"
"K417N","Omicron",2021-05-19,NA,NA,NA,"May 19, 2021<br><b>Omicron</b> NA%"
"L452R","Delta",2021-05-19,NA,NA,NA,"May 19, 2021<br><b>Delta</b> NaN%"
"N501Y","Alpha, Beta & Gamma",2021-05-19,0.913083,0.913083,0.827669,"May 19, 2021<br><b>Alpha, Beta & Gamma</b> 91.31%"
"K417N","Omicron",2021-05-20,NA,NA,NA,"May 20, 2021<br><b>Omicron</b> NA%"
"L452R","Delta",2021-05-20,NA,NA,NA,"May 20, 2021<br><b>Delta</b> NaN%"
"N501Y","Alpha, Beta & Gamma",2021-05-20,0.871882,0.871882,0.836512,"May 20, 2021<br><b>Alpha, Beta & Gamma</b> 87.19%"
"K417N","Omicron",2021-05-21,NA,NA,NA,"May 21, 2021<br><b>Omicron</b> NA%"
"L452R","Delta",2021-05-21,NA,NA,NA,"May 21, 2021<br><b>Delta</b> NA%"
"N501Y","Alpha, Beta & Gamma",2021-05-21,NA,0.815844,0.833067,"May 21, 2021<br><b>Alpha, Beta & Gamma</b> NA%"
"K417N","Omicron",2021-05-22,NA,NA,NA,"May 22, 2021<br><b>Omicron</b> NA%"
"L452R","Delta",2021-05-22,NA,NA,NA,"May 22, 2021<br><b>Delta</b> NA%"
"N501Y","Alpha, Beta & Gamma",2021-05-22,NA,0.759807,0.822602,"May 22, 2021<br><b>Alpha, Beta & Gamma</b> NA%"
"K417N","Omicron",2021-05-23,NA,NA,NA,"May 23, 2021<br><b>Omicron</b> NA%"
"L452R","Delta",2021-05-23,NA,NA,NA,"May 23, 2021<br><b>Delta</b> NaN%"
"N501Y","Alpha, Beta & Gamma",2021-05-23,0.70377,0.70377,0.801096,"May 23, 2021<br><b>Alpha, Beta & Gamma</b> 70.38%"
"K417N","Omicron",2021-05-24,NA,NA,NA,"May 24, 2021<br><b>Omicron</b> NA%"
"L452R","Delta",2021-05-24,NA,NA,NA,"May 24, 2021<br><b>Delta</b> NaN%"
"N501Y","Alpha, Beta & Gamma",2021-05-24,0.789523,0.789523,0.806731,"May 24, 2021<br><b>Alpha, Beta & Gamma</b> 78.95%"
"K417N","Omicron",2021-05-25,NA,NA,NA,"May 25, 2021<br><b>Omicron</b> NA%"
"L452R","Delta",2021-05-25,NA,NA,NA,"May 25, 2021<br><b>Delta</b> NA%"
"N501Y","Alpha, Beta & Gamma",2021-05-25,NA,0.794789,0.806957,"May 25, 2021<br><b>Alpha, Beta & Gamma</b> NA%"
"K417N","Omicron",2021-05-26,NA,NA,NA,"May 26, 2021<br><b>Omicron</b> NA%"
"L452R","Delta",2021-05-26,NA,NA,NA,"May 26, 2021<br><b>Delta</b> NaN%"
"N501Y","Alpha, Beta & Gamma",2021-05-26,0.800055,0.800055,0.79081,"May 26, 2021<br><b>Alpha, Beta & Gamma</b> 80.01%"
"K417N","Omicron",2021-05-27,NA,NA,NA,"May 27, 2021<br><b>Omicron</b> NA%"
"L452R","Delta",2021-05-27,NA,NA,NA,"May 27, 2021<br><b>Delta</b> NaN%"
"N501Y","Alpha, Beta & Gamma",2021-05-27,0.966358,0.966358,0.804307,"May 27, 2021<br><b>Alpha, Beta & Gamma</b> 96.64%"
"K417N","Omicron",2021-05-28,NA,NA,NA,"May 28, 2021<br><b>Omicron</b> NA%"
"L452R","Delta",2021-05-28,NA,NA,NA,"May 28, 2021<br><b>Delta</b> NA%"
"N501Y","Alpha, Beta & Gamma",2021-05-28,NA,0.899823,0.816303,"May 28, 2021<br><b>Alpha, Beta & Gamma</b> NA%"
"K417N","Omicron",2021-05-29,NA,NA,NA,"May 29, 2021<br><b>Omicron</b> NA%"
"L452R","Delta",2021-05-29,NA,NA,NA,"May 29, 2021<br><b>Delta</b> NA%"
"N501Y","Alpha, Beta & Gamma",2021-05-29,NA,0.833288,0.826801,"May 29, 2021<br><b>Alpha, Beta & Gamma</b> NA%"
"K417N","Omicron",2021-05-30,NA,NA,NA,"May 30, 2021<br><b>Omicron</b> NA%"
"L452R","Delta",2021-05-30,NA,NA,NA,"May 30, 2021<br><b>Delta</b> NaN%"
"N501Y","Alpha, Beta & Gamma",2021-05-30,0.766753,0.766753,0.835798,"May 30, 2021<br><b>Alpha, Beta & Gamma</b> 76.68%"
"K417N","Omicron",2021-05-31,NA,NA,NA,"May 31, 2021<br><b>Omicron</b> NA%"
"L452R","Delta",2021-05-31,NA,NA,NA,"May 31, 2021<br><b>Delta</b> NaN%"
"N501Y","Alpha, Beta & Gamma",2021-05-31,0.700069,0.700069,0.823019,"May 31, 2021<br><b>Alpha, Beta & Gamma</b> 70.01%"
"K417N","Omicron",2021-06-01,NA,NA,NA,"Jun 01, 2021<br><b>Omicron</b> NA%"
"L452R","Delta",2021-06-01,0,0,0,"Jun 01, 2021<br><b>Delta</b> 0%"
"N501Y","Alpha, Beta & Gamma",2021-06-01,0.399979,0.399979,0.766618,"Jun 01, 2021<br><b>Alpha, Beta & Gamma</b> 40%"
"K417N","Omicron",2021-06-02,NA,NA,NA,"Jun 02, 2021<br><b>Omicron</b> NA%"
"L452R","Delta",2021-06-02,NA,NA,0,"Jun 02, 2021<br><b>Delta</b> NaN%"
"N501Y","Alpha, Beta & Gamma",2021-06-02,0.764752,0.764752,0.761574,"Jun 02, 2021<br><b>Alpha, Beta & Gamma</b> 76.48%"
"K417N","Omicron",2021-06-03,NA,NA,NA,"Jun 03, 2021<br><b>Omicron</b> NA%"
"L452R","Delta",2021-06-03,NA,NA,0,"Jun 03, 2021<br><b>Delta</b> NaN%"
"N501Y","Alpha, Beta & Gamma",2021-06-03,0.600022,0.600022,0.709241,"Jun 03, 2021<br><b>Alpha, Beta & Gamma</b> 60%"
"K417N","Omicron",2021-06-04,NA,NA,NA,"Jun 04, 2021<br><b>Omicron</b> NA%"
"L452R","Delta",2021-06-04,NA,NA,0,"Jun 04, 2021<br><b>Delta</b> NaN%"
"N501Y","Alpha, Beta & Gamma",2021-06-04,0.823575,0.823575,0.698348,"Jun 04, 2021<br><b>Alpha, Beta & Gamma</b> 82.36%"
"K417N","Omicron",2021-06-05,NA,NA,NA,"Jun 05, 2021<br><b>Omicron</b> NA%"
"L452R","Delta",2021-06-05,NA,NA,0,"Jun 05, 2021<br><b>Delta</b> NaN%"
"N501Y","Alpha, Beta & Gamma",2021-06-05,0.722268,0.722268,0.682488,"Jun 05, 2021<br><b>Alpha, Beta & Gamma</b> 72.23%"
"K417N","Omicron",2021-06-06,NA,NA,NA,"Jun 06, 2021<br><b>Omicron</b> NA%"
"L452R","Delta",2021-06-06,NA,NA,0,"Jun 06, 2021<br><b>Delta</b> NaN%"
"N501Y","Alpha, Beta & Gamma",2021-06-06,NA,0.736147,0.678116,"Jun 06, 2021<br><b>Alpha, Beta & Gamma</b> NaN%"
"K417N","Omicron",2021-06-07,NA,NA,NA,"Jun 07, 2021<br><b>Omicron</b> NA%"
"L452R","Delta",2021-06-07,NA,NA,0,"Jun 07, 2021<br><b>Delta</b> NaN%"
"N501Y","Alpha, Beta & Gamma",2021-06-07,0.750027,0.750027,0.685253,"Jun 07, 2021<br><b>Alpha, Beta & Gamma</b> 75%"
"K417N","Omicron",2021-06-08,NA,NA,NA,"Jun 08, 2021<br><b>Omicron</b> NA%"
"L452R","Delta",2021-06-08,NA,NA,0,"Jun 08, 2021<br><b>Delta</b> NaN%"
"N501Y","Alpha, Beta & Gamma",2021-06-08,0.668839,0.668839,0.723662,"Jun 08, 2021<br><b>Alpha, Beta & Gamma</b> 66.88%"
"K417N","Omicron",2021-06-09,NA,NA,NA,"Jun 09, 2021<br><b>Omicron</b> NA%"
"L452R","Delta",2021-06-09,NA,NA,0,"Jun 09, 2021<br><b>Delta</b> NaN%"
"N501Y","Alpha, Beta & Gamma",2021-06-09,0.583353,0.583353,0.697747,"Jun 09, 2021<br><b>Alpha, Beta & Gamma</b> 58.34%"
"K417N","Omicron",2021-06-10,NA,NA,NA,"Jun 10, 2021<br><b>Omicron</b> NA%"
"L452R","Delta",2021-06-10,NA,NA,0,"Jun 10, 2021<br><b>Delta</b> NaN%"
"N501Y","Alpha, Beta & Gamma",2021-06-10,0.505953,0.505953,0.684309,"Jun 10, 2021<br><b>Alpha, Beta & Gamma</b> 50.6%"
"K417N","Omicron",2021-06-11,NA,NA,NA,"Jun 11, 2021<br><b>Omicron</b> NA%"
"L452R","Delta",2021-06-11,NA,NA,0,"Jun 11, 2021<br><b>Delta</b> NaN%"
"N501Y","Alpha, Beta & Gamma",2021-06-11,0.600015,0.600015,0.652372,"Jun 11, 2021<br><b>Alpha, Beta & Gamma</b> 60%"
"K417N","Omicron",2021-06-12,NA,NA,NA,"Jun 12, 2021<br><b>Omicron</b> NA%"
"L452R","Delta",2021-06-12,0,0,0,"Jun 12, 2021<br><b>Delta</b> 0%"
"N501Y","Alpha, Beta & Gamma",2021-06-12,0.25,0.25,0.584905,"Jun 12, 2021<br><b>Alpha, Beta & Gamma</b> 25%"
"K417N","Omicron",2021-06-13,NA,NA,NA,"Jun 13, 2021<br><b>Omicron</b> NA%"
"L452R","Delta",2021-06-13,NA,NA,0,"Jun 13, 2021<br><b>Delta</b> NaN%"
"N501Y","Alpha, Beta & Gamma",2021-06-13,0.705936,0.705936,0.580589,"Jun 13, 2021<br><b>Alpha, Beta & Gamma</b> 70.59%"
"K417N","Omicron",2021-06-14,NA,NA,NA,"Jun 14, 2021<br><b>Omicron</b> NA%"
"L452R","Delta",2021-06-14,NA,NA,0,"Jun 14, 2021<br><b>Delta</b> NaN%"
"N501Y","Alpha, Beta & Gamma",2021-06-14,0.705933,0.705933,0.57429,"Jun 14, 2021<br><b>Alpha, Beta & Gamma</b> 70.59%"
"K417N","Omicron",2021-06-15,NA,NA,NA,"Jun 15, 2021<br><b>Omicron</b> NA%"
"L452R","Delta",2021-06-15,NA,NA,0,"Jun 15, 2021<br><b>Delta</b> NaN%"
"N501Y","Alpha, Beta & Gamma",2021-06-15,0.87502,0.87502,0.603744,"Jun 15, 2021<br><b>Alpha, Beta & Gamma</b> 87.5%"
"K417N","Omicron",2021-06-16,NA,NA,NA,"Jun 16, 2021<br><b>Omicron</b> NA%"
"L452R","Delta",2021-06-16,0.399993,0.399993,0.199996,"Jun 16, 2021<br><b>Delta</b> 40%"
"N501Y","Alpha, Beta & Gamma",2021-06-16,0.5,0.5,0.591837,"Jun 16, 2021<br><b>Alpha, Beta & Gamma</b> 50%"
"K417N","Omicron",2021-06-17,NA,NA,NA,"Jun 17, 2021<br><b>Omicron</b> NA%"
"L452R","Delta",2021-06-17,0.249977,0.249977,0.216657,"Jun 17, 2021<br><b>Delta</b> 25%"
"N501Y","Alpha, Beta & Gamma",2021-06-17,NA,0.365383,0.571755,"Jun 17, 2021<br><b>Alpha, Beta & Gamma</b> NaN%"
"K417N","Omicron",2021-06-18,NA,NA,NA,"Jun 18, 2021<br><b>Omicron</b> NA%"
"L452R","Delta",2021-06-18,0.199974,0.199974,0.212486,"Jun 18, 2021<br><b>Delta</b> 20%"
"N501Y","Alpha, Beta & Gamma",2021-06-18,0.230766,0.230766,0.519005,"Jun 18, 2021<br><b>Alpha, Beta & Gamma</b> 23.08%"
"K417N","Omicron",2021-06-19,NA,NA,NA,"Jun 19, 2021<br><b>Omicron</b> NA%"
"L452R","Delta",2021-06-19,NA,NA,0.283315,"Jun 19, 2021<br><b>Delta</b> NaN%"
"N501Y","Alpha, Beta & Gamma",2021-06-19,0,0,0.483291,"Jun 19, 2021<br><b>Alpha, Beta & Gamma</b> 0%"
"K417N","Omicron",2021-06-20,NA,NA,NA,"Jun 20, 2021<br><b>Omicron</b> NA%"
"L452R","Delta",2021-06-20,NA,NA,0.283315,"Jun 20, 2021<br><b>Delta</b> NaN%"
"N501Y","Alpha, Beta & Gamma",2021-06-20,0.285679,0.285679,0.423254,"Jun 20, 2021<br><b>Alpha, Beta & Gamma</b> 28.57%"
"K417N","Omicron",2021-06-21,NA,NA,NA,"Jun 21, 2021<br><b>Omicron</b> NA%"
"L452R","Delta",2021-06-21,NA,NA,0.283315,"Jun 21, 2021<br><b>Delta</b> NaN%"
"N501Y","Alpha, Beta & Gamma",2021-06-21,0.249975,0.249975,0.358118,"Jun 21, 2021<br><b>Alpha, Beta & Gamma</b> 25%"
"K417N","Omicron",2021-06-22,NA,NA,NA,"Jun 22, 2021<br><b>Omicron</b> NA%"
"L452R","Delta",2021-06-22,NA,NA,0.283315,"Jun 22, 2021<br><b>Delta</b> NaN%"
"N501Y","Alpha, Beta & Gamma",2021-06-22,0.026966,0.026966,0.236967,"Jun 22, 2021<br><b>Alpha, Beta & Gamma</b> 2.7%"
"K417N","Omicron",2021-06-23,NA,NA,NA,"Jun 23, 2021<br><b>Omicron</b> NA%"
"L452R","Delta",2021-06-23,NA,NA,0.224976,"Jun 23, 2021<br><b>Delta</b> NaN%"
"N501Y","Alpha, Beta & Gamma",2021-06-23,0.111048,0.111048,0.181402,"Jun 23, 2021<br><b>Alpha, Beta & Gamma</b> 11.1%"
"K417N","Omicron",2021-06-24,NA,NA,NA,"Jun 24, 2021<br><b>Omicron</b> NA%"
"L452R","Delta",2021-06-24,NA,NA,0.199974,"Jun 24, 2021<br><b>Delta</b> NaN%"
"N501Y","Alpha, Beta & Gamma",2021-06-24,0.333312,0.333312,0.176821,"Jun 24, 2021<br><b>Alpha, Beta & Gamma</b> 33.33%"
"K417N","Omicron",2021-06-25,NA,NA,NA,"Jun 25, 2021<br><b>Omicron</b> NA%"
"L452R","Delta",2021-06-25,NA,NA,0.349987,"Jun 25, 2021<br><b>Delta</b> NaN%"
"N501Y","Alpha, Beta & Gamma",2021-06-25,0.617258,0.617258,0.232034,"Jun 25, 2021<br><b>Alpha, Beta & Gamma</b> 61.73%"
"K417N","Omicron",2021-06-26,NA,NA,NA,"Jun 26, 2021<br><b>Omicron</b> NA%"
"L452R","Delta",2021-06-26,0.5,0.5,0.5,"Jun 26, 2021<br><b>Delta</b> 50%"
"N501Y","Alpha, Beta & Gamma",2021-06-26,0.142849,0.142849,0.252441,"Jun 26, 2021<br><b>Alpha, Beta & Gamma</b> 14.28%"
"K417N","Omicron",2021-06-27,NA,NA,NA,"Jun 27, 2021<br><b>Omicron</b> NA%"
"L452R","Delta",2021-06-27,NA,0.583336,0.541668,"Jun 27, 2021<br><b>Delta</b> NaN%"
"N501Y","Alpha, Beta & Gamma",2021-06-27,0.5,0.5,0.283058,"Jun 27, 2021<br><b>Alpha, Beta & Gamma</b> 50%"
"K417N","Omicron",2021-06-28,NA,NA,NA,"Jun 28, 2021<br><b>Omicron</b> NA%"
"L452R","Delta",2021-06-28,0.666672,0.666672,0.583336,"Jun 28, 2021<br><b>Delta</b> 66.67%"
"N501Y","Alpha, Beta & Gamma",2021-06-28,0.14999,0.14999,0.268775,"Jun 28, 2021<br><b>Alpha, Beta & Gamma</b> 15%"
"K417N","Omicron",2021-06-29,NA,NA,NA,"Jun 29, 2021<br><b>Omicron</b> NA%"
"L452R","Delta",2021-06-29,NA,0.547618,0.574407,"Jun 29, 2021<br><b>Delta</b> NA%"
"N501Y","Alpha, Beta & Gamma",2021-06-29,NA,0.289275,0.306248,"Jun 29, 2021<br><b>Alpha, Beta & Gamma</b> NA%"
"K417N","Omicron",2021-06-30,NA,NA,NA,"Jun 30, 2021<br><b>Omicron</b> NA%"
"L452R","Delta",2021-06-30,0.428564,0.428564,0.545238,"Jun 30, 2021<br><b>Delta</b> 42.86%"
"N501Y","Alpha, Beta & Gamma",2021-06-30,0.428561,0.428561,0.351607,"Jun 30, 2021<br><b>Alpha, Beta & Gamma</b> 42.86%"
"K417N","Omicron",2021-07-01,NA,NA,NA,"Jul 01, 2021<br><b>Omicron</b> NA%"
"L452R","Delta",2021-07-01,0.625015,0.625015,0.558534,"Jul 01, 2021<br><b>Delta</b> 62.5%"
"N501Y","Alpha, Beta & Gamma",2021-07-01,0,0,0.303991,"Jul 01, 2021<br><b>Alpha, Beta & Gamma</b> 0%"
"K417N","Omicron",2021-07-02,NA,NA,NA,"Jul 02, 2021<br><b>Omicron</b> NA%"
"L452R","Delta",2021-07-02,0.124981,0.124981,0.496598,"Jul 02, 2021<br><b>Delta</b> 12.5%"
"N501Y","Alpha, Beta & Gamma",2021-07-02,0.210478,0.210478,0.245879,"Jul 02, 2021<br><b>Alpha, Beta & Gamma</b> 21.05%"
"K417N","Omicron",2021-07-03,NA,NA,NA,"Jul 03, 2021<br><b>Omicron</b> NA%"
"L452R","Delta",2021-07-03,0.333318,0.333318,0.472786,"Jul 03, 2021<br><b>Delta</b> 33.33%"
"N501Y","Alpha, Beta & Gamma",2021-07-03,0.333317,0.333317,0.273089,"Jul 03, 2021<br><b>Alpha, Beta & Gamma</b> 33.33%"
"K417N","Omicron",2021-07-04,NA,NA,NA,"Jul 04, 2021<br><b>Omicron</b> NA%"
"L452R","Delta",2021-07-04,0.454538,0.454538,0.454387,"Jul 04, 2021<br><b>Delta</b> 45.45%"
"N501Y","Alpha, Beta & Gamma",2021-07-04,0.083294,0.083294,0.213559,"Jul 04, 2021<br><b>Alpha, Beta & Gamma</b> 8.33%"
"K417N","Omicron",2021-07-05,NA,NA,NA,"Jul 05, 2021<br><b>Omicron</b> NA%"
"L452R","Delta",2021-07-05,0.628576,0.628576,0.448944,"Jul 05, 2021<br><b>Delta</b> 62.86%"
"N501Y","Alpha, Beta & Gamma",2021-07-05,0.049982,0.049982,0.199273,"Jul 05, 2021<br><b>Alpha, Beta & Gamma</b> 5%"
"K417N","Omicron",2021-07-06,NA,NA,NA,"Jul 06, 2021<br><b>Omicron</b> NA%"
"L452R","Delta",2021-07-06,0.5,0.5,0.442142,"Jul 06, 2021<br><b>Delta</b> 50%"
"N501Y","Alpha, Beta & Gamma",2021-07-06,0,0,0.157948,"Jul 06, 2021<br><b>Alpha, Beta & Gamma</b> 0%"
"K417N","Omicron",2021-07-07,NA,NA,NA,"Jul 07, 2021<br><b>Omicron</b> NA%"
"L452R","Delta",2021-07-07,1,1,0.523775,"Jul 07, 2021<br><b>Delta</b> 100%"
"N501Y","Alpha, Beta & Gamma",2021-07-07,NA,0.166652,0.120532,"Jul 07, 2021<br><b>Alpha, Beta & Gamma</b> NaN%"
"K417N","Omicron",2021-07-08,NA,NA,NA,"Jul 08, 2021<br><b>Omicron</b> NA%"
"L452R","Delta",2021-07-08,1,1,0.577345,"Jul 08, 2021<br><b>Delta</b> 100%"
"N501Y","Alpha, Beta & Gamma",2021-07-08,0.333303,0.333303,0.168147,"Jul 08, 2021<br><b>Alpha, Beta & Gamma</b> 33.33%"
"K417N","Omicron",2021-07-09,NA,NA,NA,"Jul 09, 2021<br><b>Omicron</b> NA%"
"L452R","Delta",2021-07-09,NA,0.916677,0.690444,"Jul 09, 2021<br><b>Delta</b> NA%"
"N501Y","Alpha, Beta & Gamma",2021-07-09,NA,0.166652,0.161886,"Jul 09, 2021<br><b>Alpha, Beta & Gamma</b> NA%"
"K417N","Omicron",2021-07-10,NA,NA,NA,"Jul 10, 2021<br><b>Omicron</b> NA%"
"L452R","Delta",2021-07-10,0.833354,0.833354,0.761878,"Jul 10, 2021<br><b>Delta</b> 83.34%"
"N501Y","Alpha, Beta & Gamma",2021-07-10,0,0,0.114269,"Jul 10, 2021<br><b>Alpha, Beta & Gamma</b> 0%"
"K417N","Omicron",2021-07-11,NA,NA,NA,"Jul 11, 2021<br><b>Omicron</b> NA%"
"L452R","Delta",2021-07-11,0.90002,0.90002,0.825518,"Jul 11, 2021<br><b>Delta</b> 90%"
"N501Y","Alpha, Beta & Gamma",2021-07-11,0.5,0.5,0.173798,"Jul 11, 2021<br><b>Alpha, Beta & Gamma</b> 50%"
"K417N","Omicron",2021-07-12,NA,NA,NA,"Jul 12, 2021<br><b>Omicron</b> NA%"
"L452R","Delta",2021-07-12,NA,0.95001,0.871437,"Jul 12, 2021<br><b>Delta</b> NA%"
"N501Y","Alpha, Beta & Gamma",2021-07-12,NA,0.25,0.202372,"Jul 12, 2021<br><b>Alpha, Beta & Gamma</b> NA%"
"K417N","Omicron",2021-07-13,NA,NA,NA,"Jul 13, 2021<br><b>Omicron</b> NA%"
"L452R","Delta",2021-07-13,1,1,0.942866,"Jul 13, 2021<br><b>Delta</b> 100%"
"N501Y","Alpha, Beta & Gamma",2021-07-13,0,0,0.202372,"Jul 13, 2021<br><b>Alpha, Beta & Gamma</b> 0%"
"K417N","Omicron",2021-07-14,NA,NA,NA,"Jul 14, 2021<br><b>Omicron</b> NA%"
"L452R","Delta",2021-07-14,0.87502,0.87502,0.925011,"Jul 14, 2021<br><b>Delta</b> 87.5%"
"N501Y","Alpha, Beta & Gamma",2021-07-14,0.040771,0.040771,0.184389,"Jul 14, 2021<br><b>Alpha, Beta & Gamma</b> 4.08%"
"K417N","Omicron",2021-07-15,NA,NA,NA,"Jul 15, 2021<br><b>Omicron</b> NA%"
"L452R","Delta",2021-07-15,NA,0.881964,0.908149,"Jul 15, 2021<br><b>Delta</b> NA%"
"N501Y","Alpha, Beta & Gamma",2021-07-15,NA,0.050665,0.144013,"Jul 15, 2021<br><b>Alpha, Beta & Gamma</b> NA%"
"K417N","Omicron",2021-07-16,NA,NA,NA,"Jul 16, 2021<br><b>Omicron</b> NA%"
"L452R","Delta",2021-07-16,0.888908,0.888908,0.904182,"Jul 16, 2021<br><b>Delta</b> 88.89%"
"N501Y","Alpha, Beta & Gamma",2021-07-16,0.06056,0.06056,0.128857,"Jul 16, 2021<br><b>Alpha, Beta & Gamma</b> 6.06%"
"K417N","Omicron",2021-07-17,NA,NA,NA,"Jul 17, 2021<br><b>Omicron</b> NA%"
"L452R","Delta",2021-07-17,1,1,0.927989,"Jul 17, 2021<br><b>Delta</b> 100%"
"N501Y","Alpha, Beta & Gamma",2021-07-17,0.062458,0.062458,0.137779,"Jul 17, 2021<br><b>Alpha, Beta & Gamma</b> 6.25%"
"K417N","Omicron",2021-07-18,NA,NA,NA,"Jul 18, 2021<br><b>Omicron</b> NA%"
"L452R","Delta",2021-07-18,NA,0.900013,0.927988,"Jul 18, 2021<br><b>Delta</b> NA%"
"N501Y","Alpha, Beta & Gamma",2021-07-18,NA,0.063806,0.075466,"Jul 18, 2021<br><b>Alpha, Beta & Gamma</b> NA%"
"K417N","Omicron",2021-07-19,NA,NA,NA,"Jul 19, 2021<br><b>Omicron</b> NA%"
"L452R","Delta",2021-07-19,0.800027,0.800027,0.906562,"Jul 19, 2021<br><b>Delta</b> 80%"
"N501Y","Alpha, Beta & Gamma",2021-07-19,0.065154,0.065154,0.049059,"Jul 19, 2021<br><b>Alpha, Beta & Gamma</b> 6.52%"
"K417N","Omicron",2021-07-20,NA,NA,NA,"Jul 20, 2021<br><b>Omicron</b> NA%"
"L452R","Delta",2021-07-20,0.777803,0.777803,0.874819,"Jul 20, 2021<br><b>Delta</b> 77.78%"
"N501Y","Alpha, Beta & Gamma",2021-07-20,0.081553,0.081553,0.06071,"Jul 20, 2021<br><b>Alpha, Beta & Gamma</b> 8.16%"
"K417N","Omicron",2021-07-21,NA,NA,NA,"Jul 21, 2021<br><b>Omicron</b> NA%"
"L452R","Delta",2021-07-21,NA,0.826412,0.867875,"Jul 21, 2021<br><b>Delta</b> NA%"
"N501Y","Alpha, Beta & Gamma",2021-07-21,NA,0.05296,0.062451,"Jul 21, 2021<br><b>Alpha, Beta & Gamma</b> NA%"
"K417N","Omicron",2021-07-22,NA,NA,NA,"Jul 22, 2021<br><b>Omicron</b> NA%"
"L452R","Delta",2021-07-22,0.87502,0.87502,0.866883,"Jul 22, 2021<br><b>Delta</b> 87.5%"
"N501Y","Alpha, Beta & Gamma",2021-07-22,0.024367,0.024367,0.058694,"Jul 22, 2021<br><b>Alpha, Beta & Gamma</b> 2.44%"
"K417N","Omicron",2021-07-23,NA,NA,NA,"Jul 23, 2021<br><b>Omicron</b> NA%"
"L452R","Delta",2021-07-23,0.800041,0.800041,0.854188,"Jul 23, 2021<br><b>Delta</b> 80%"
"N501Y","Alpha, Beta & Gamma",2021-07-23,0,0,0.050043,"Jul 23, 2021<br><b>Alpha, Beta & Gamma</b> 0%"
"K417N","Omicron",2021-07-24,NA,NA,NA,"Jul 24, 2021<br><b>Omicron</b> NA%"
"L452R","Delta",2021-07-24,NA,0.867787,0.8353,"Jul 24, 2021<br><b>Delta</b> NA%"
"N501Y","Alpha, Beta & Gamma",2021-07-24,NA,0,0.04112,"Jul 24, 2021<br><b>Alpha, Beta & Gamma</b> NA%"
"K417N","Omicron",2021-07-25,NA,NA,NA,"Jul 25, 2021<br><b>Omicron</b> NA%"
"L452R","Delta",2021-07-25,0.935533,0.935533,0.840375,"Jul 25, 2021<br><b>Delta</b> 93.55%"
"N501Y","Alpha, Beta & Gamma",2021-07-25,0,0,0.032005,"Jul 25, 2021<br><b>Alpha, Beta & Gamma</b> 0%"
"K417N","Omicron",2021-07-26,NA,NA,NA,"Jul 26, 2021<br><b>Omicron</b> NA%"
"L452R","Delta",2021-07-26,1,1,0.868942,"Jul 26, 2021<br><b>Delta</b> 100%"
"N501Y","Alpha, Beta & Gamma",2021-07-26,0,0,0.022697,"Jul 26, 2021<br><b>Alpha, Beta & Gamma</b> 0%"
"K417N","Omicron",2021-07-27,NA,NA,NA,"Jul 27, 2021<br><b>Omicron</b> NA%"
"L452R","Delta",2021-07-27,0.947393,0.947393,0.893169,"Jul 27, 2021<br><b>Delta</b> 94.74%"
"N501Y","Alpha, Beta & Gamma",2021-07-27,0.023479,0.023479,0.014401,"Jul 27, 2021<br><b>Alpha, Beta & Gamma</b> 2.35%"
"K417N","Omicron",2021-07-28,NA,NA,NA,"Jul 28, 2021<br><b>Omicron</b> NA%"
"L452R","Delta",2021-07-28,0.966693,0.966693,0.91321,"Jul 28, 2021<br><b>Delta</b> 96.67%"
"N501Y","Alpha, Beta & Gamma",2021-07-28,0,0,0.006835,"Jul 28, 2021<br><b>Alpha, Beta & Gamma</b> 0%"
"K417N","Omicron",2021-07-29,NA,NA,NA,"Jul 29, 2021<br><b>Omicron</b> NA%"
"L452R","Delta",2021-07-29,0.934849,0.934849,0.921757,"Jul 29, 2021<br><b>Delta</b> 93.48%"
"N501Y","Alpha, Beta & Gamma",2021-07-29,0.010284,0.010284,0.004823,"Jul 29, 2021<br><b>Alpha, Beta & Gamma</b> 1.03%"
"K417N","Omicron",2021-07-30,NA,NA,NA,"Jul 30, 2021<br><b>Omicron</b> NA%"
"L452R","Delta",2021-07-30,NA,0.953559,0.943688,"Jul 30, 2021<br><b>Delta</b> NA%"
"N501Y","Alpha, Beta & Gamma",2021-07-30,NA,0.005142,0.005558,"Jul 30, 2021<br><b>Alpha, Beta & Gamma</b> NA%"
"K417N","Omicron",2021-07-31,NA,NA,NA,"Jul 31, 2021<br><b>Omicron</b> NA%"
"L452R","Delta",2021-07-31,0.972269,0.972269,0.958614,"Jul 31, 2021<br><b>Delta</b> 97.23%"
"N501Y","Alpha, Beta & Gamma",2021-07-31,0,0,0.005558,"Jul 31, 2021<br><b>Alpha, Beta & Gamma</b> 0%"
"K417N","Omicron",2021-08-01,NA,NA,NA,"Aug 01, 2021<br><b>Omicron</b> NA%"
"L452R","Delta",2021-08-01,NA,0.986135,0.965843,"Aug 01, 2021<br><b>Delta</b> NA%"
"N501Y","Alpha, Beta & Gamma",2021-08-01,NA,0,0.005558,"Aug 01, 2021<br><b>Alpha, Beta & Gamma</b> NA%"
"K417N","Omicron",2021-08-02,NA,NA,NA,"Aug 02, 2021<br><b>Omicron</b> NA%"
"L452R","Delta",2021-08-02,1,1,0.965843,"Aug 02, 2021<br><b>Delta</b> 100%"
"N501Y","Alpha, Beta & Gamma",2021-08-02,0,0,0.005558,"Aug 02, 2021<br><b>Alpha, Beta & Gamma</b> 0%"
"K417N","Omicron",2021-08-03,NA,NA,NA,"Aug 03, 2021<br><b>Omicron</b> NA%"
"L452R","Delta",2021-08-03,0.926892,0.926892,0.962914,"Aug 03, 2021<br><b>Delta</b> 92.69%"
"N501Y","Alpha, Beta & Gamma",2021-08-03,0,0,0.002204,"Aug 03, 2021<br><b>Alpha, Beta & Gamma</b> 0%"
"K417N","Omicron",2021-08-04,NA,NA,NA,"Aug 04, 2021<br><b>Omicron</b> NA%"
"L452R","Delta",2021-08-04,NA,0.963446,0.96245,"Aug 04, 2021<br><b>Delta</b> NA%"
"N501Y","Alpha, Beta & Gamma",2021-08-04,NA,0,0.002204,"Aug 04, 2021<br><b>Alpha, Beta & Gamma</b> NA%"
"K417N","Omicron",2021-08-05,NA,NA,NA,"Aug 05, 2021<br><b>Omicron</b> NA%"
"L452R","Delta",2021-08-05,1,1,0.971757,"Aug 05, 2021<br><b>Delta</b> 100%"
"N501Y","Alpha, Beta & Gamma",2021-08-05,0,0,0.000735,"Aug 05, 2021<br><b>Alpha, Beta & Gamma</b> 0%"
"K417N","Omicron",2021-08-06,NA,NA,NA,"Aug 06, 2021<br><b>Omicron</b> NA%"
"L452R","Delta",2021-08-06,0.979194,0.979194,0.975419,"Aug 06, 2021<br><b>Delta</b> 97.92%"
"N501Y","Alpha, Beta & Gamma",2021-08-06,0.009232,0.009232,0.001319,"Aug 06, 2021<br><b>Alpha, Beta & Gamma</b> 0.92%"
"K417N","Omicron",2021-08-07,NA,NA,NA,"Aug 07, 2021<br><b>Omicron</b> NA%"
"L452R","Delta",2021-08-07,1,1,0.979381,"Aug 07, 2021<br><b>Delta</b> 100%"
"N501Y","Alpha, Beta & Gamma",2021-08-07,0.008448,0.008448,0.002526,"Aug 07, 2021<br><b>Alpha, Beta & Gamma</b> 0.84%"
"K417N","Omicron",2021-08-08,NA,NA,NA,"Aug 08, 2021<br><b>Omicron</b> NA%"
"L452R","Delta",2021-08-08,NA,0.970615,0.977164,"Aug 08, 2021<br><b>Delta</b> NA%"
"N501Y","Alpha, Beta & Gamma",2021-08-08,NA,0.01771,0.005056,"Aug 08, 2021<br><b>Alpha, Beta & Gamma</b> NA%"
"K417N","Omicron",2021-08-09,NA,NA,NA,"Aug 09, 2021<br><b>Omicron</b> NA%"
"L452R","Delta",2021-08-09,0.94123,0.94123,0.968768,"Aug 09, 2021<br><b>Delta</b> 94.12%"
"N501Y","Alpha, Beta & Gamma",2021-08-09,0.026971,0.026971,0.008909,"Aug 09, 2021<br><b>Alpha, Beta & Gamma</b> 2.7%"
"K417N","Omicron",2021-08-10,NA,NA,NA,"Aug 10, 2021<br><b>Omicron</b> NA%"
"L452R","Delta",2021-08-10,1,1,0.979212,"Aug 10, 2021<br><b>Delta</b> 100%"
"N501Y","Alpha, Beta & Gamma",2021-08-10,0.010843,0.010843,0.010458,"Aug 10, 2021<br><b>Alpha, Beta & Gamma</b> 1.08%"
"K417N","Omicron",2021-08-11,NA,NA,NA,"Aug 11, 2021<br><b>Omicron</b> NA%"
"L452R","Delta",2021-08-11,0.904806,0.904806,0.970835,"Aug 11, 2021<br><b>Delta</b> 90.48%"
"N501Y","Alpha, Beta & Gamma",2021-08-11,NA,NA,0.012201,"Aug 11, 2021<br><b>Alpha, Beta & Gamma</b> NaN%"
"K417N","Omicron",2021-08-12,NA,NA,NA,"Aug 12, 2021<br><b>Omicron</b> NA%"
"L452R","Delta",2021-08-12,1,1,0.970835,"Aug 12, 2021<br><b>Delta</b> 100%"
"N501Y","Alpha, Beta & Gamma",2021-08-12,NA,NA,0.014641,"Aug 12, 2021<br><b>Alpha, Beta & Gamma</b> NaN%"
"K417N","Omicron",2021-08-13,NA,NA,NA,"Aug 13, 2021<br><b>Omicron</b> NA%"
"L452R","Delta",2021-08-13,1,1,0.973807,"Aug 13, 2021<br><b>Delta</b> 100%"
"N501Y","Alpha, Beta & Gamma",2021-08-13,NA,NA,0.015993,"Aug 13, 2021<br><b>Alpha, Beta & Gamma</b> NaN%"
"K417N","Omicron",2021-08-14,NA,NA,NA,"Aug 14, 2021<br><b>Omicron</b> NA%"
"L452R","Delta",2021-08-14,1,1,0.973807,"Aug 14, 2021<br><b>Delta</b> 100%"
"N501Y","Alpha, Beta & Gamma",2021-08-14,NA,NA,0.018508,"Aug 14, 2021<br><b>Alpha, Beta & Gamma</b> NaN%"
"K417N","Omicron",2021-08-15,NA,NA,NA,"Aug 15, 2021<br><b>Omicron</b> NA%"
"L452R","Delta",2021-08-15,0.914419,0.914419,0.965779,"Aug 15, 2021<br><b>Delta</b> 91.44%"
"N501Y","Alpha, Beta & Gamma",2021-08-15,NA,NA,0.018907,"Aug 15, 2021<br><b>Alpha, Beta & Gamma</b> NaN%"
"K417N","Omicron",2021-08-16,NA,NA,NA,"Aug 16, 2021<br><b>Omicron</b> NA%"
"L452R","Delta",2021-08-16,0.953534,0.953534,0.967537,"Aug 16, 2021<br><b>Delta</b> 95.35%"
"N501Y","Alpha, Beta & Gamma",2021-08-16,NA,NA,0.010843,"Aug 16, 2021<br><b>Alpha, Beta & Gamma</b> NaN%"
"K417N","Omicron",2021-08-17,NA,NA,NA,"Aug 17, 2021<br><b>Omicron</b> NA%"
"L452R","Delta",2021-08-17,1,1,0.967537,"Aug 17, 2021<br><b>Delta</b> 100%"
"N501Y","Alpha, Beta & Gamma",2021-08-17,NA,NA,NA,"Aug 17, 2021<br><b>Alpha, Beta & Gamma</b> NaN%"
"K417N","Omicron",2021-08-18,NA,NA,NA,"Aug 18, 2021<br><b>Omicron</b> NA%"
"L452R","Delta",2021-08-18,1,1,0.981136,"Aug 18, 2021<br><b>Delta</b> 100%"
"N501Y","Alpha, Beta & Gamma",2021-08-18,NA,NA,NA,"Aug 18, 2021<br><b>Alpha, Beta & Gamma</b> NaN%"
"K417N","Omicron",2021-08-19,NA,NA,NA,"Aug 19, 2021<br><b>Omicron</b> NA%"
"L452R","Delta",2021-08-19,1,1,0.981136,"Aug 19, 2021<br><b>Delta</b> 100%"
"N501Y","Alpha, Beta & Gamma",2021-08-19,NA,NA,NA,"Aug 19, 2021<br><b>Alpha, Beta & Gamma</b> NaN%"
"K417N","Omicron",2021-08-20,NA,NA,NA,"Aug 20, 2021<br><b>Omicron</b> NA%"
"L452R","Delta",2021-08-20,1,1,0.981136,"Aug 20, 2021<br><b>Delta</b> 100%"
"N501Y","Alpha, Beta & Gamma",2021-08-20,NA,NA,NA,"Aug 20, 2021<br><b>Alpha, Beta & Gamma</b> NaN%"
"K417N","Omicron",2021-08-21,NA,NA,NA,"Aug 21, 2021<br><b>Omicron</b> NA%"
"L452R","Delta",2021-08-21,1,1,0.981136,"Aug 21, 2021<br><b>Delta</b> 100%"
"N501Y","Alpha, Beta & Gamma",2021-08-21,NA,NA,NA,"Aug 21, 2021<br><b>Alpha, Beta & Gamma</b> NaN%"
"K417N","Omicron",2021-08-22,NA,NA,NA,"Aug 22, 2021<br><b>Omicron</b> NA%"
"L452R","Delta",2021-08-22,1,1,0.993362,"Aug 22, 2021<br><b>Delta</b> 100%"
"N501Y","Alpha, Beta & Gamma",2021-08-22,NA,NA,NA,"Aug 22, 2021<br><b>Alpha, Beta & Gamma</b> NaN%"
"K417N","Omicron",2021-08-23,NA,NA,NA,"Aug 23, 2021<br><b>Omicron</b> NA%"
"L452R","Delta",2021-08-23,1,1,1,"Aug 23, 2021<br><b>Delta</b> 100%"
"N501Y","Alpha, Beta & Gamma",2021-08-23,NA,NA,NA,"Aug 23, 2021<br><b>Alpha, Beta & Gamma</b> NaN%"
"K417N","Omicron",2021-08-24,NA,NA,NA,"Aug 24, 2021<br><b>Omicron</b> NA%"
"L452R","Delta",2021-08-24,1,1,1,"Aug 24, 2021<br><b>Delta</b> 100%"
"N501Y","Alpha, Beta & Gamma",2021-08-24,NA,NA,NA,"Aug 24, 2021<br><b>Alpha, Beta & Gamma</b> NaN%"
"K417N","Omicron",2021-08-25,NA,NA,NA,"Aug 25, 2021<br><b>Omicron</b> NA%"
"L452R","Delta",2021-08-25,1,1,1,"Aug 25, 2021<br><b>Delta</b> 100%"
"N501Y","Alpha, Beta & Gamma",2021-08-25,NA,NA,NA,"Aug 25, 2021<br><b>Alpha, Beta & Gamma</b> NaN%"
"K417N","Omicron",2021-08-26,NA,NA,NA,"Aug 26, 2021<br><b>Omicron</b> NA%"
"L452R","Delta",2021-08-26,1,1,1,"Aug 26, 2021<br><b>Delta</b> 100%"
"N501Y","Alpha, Beta & Gamma",2021-08-26,NA,NA,NA,"Aug 26, 2021<br><b>Alpha, Beta & Gamma</b> NaN%"
"K417N","Omicron",2021-08-27,NA,NA,NA,"Aug 27, 2021<br><b>Omicron</b> NA%"
"L452R","Delta",2021-08-27,1,1,1,"Aug 27, 2021<br><b>Delta</b> 100%"
"N501Y","Alpha, Beta & Gamma",2021-08-27,NA,NA,NA,"Aug 27, 2021<br><b>Alpha, Beta & Gamma</b> NaN%"
"K417N","Omicron",2021-08-28,NA,NA,NA,"Aug 28, 2021<br><b>Omicron</b> NA%"
"L452R","Delta",2021-08-28,1,1,1,"Aug 28, 2021<br><b>Delta</b> 100%"
"N501Y","Alpha, Beta & Gamma",2021-08-28,NA,NA,NA,"Aug 28, 2021<br><b>Alpha, Beta & Gamma</b> NaN%"
"K417N","Omicron",2021-08-29,NA,NA,NA,"Aug 29, 2021<br><b>Omicron</b> NA%"
"L452R","Delta",2021-08-29,1,1,1,"Aug 29, 2021<br><b>Delta</b> 100%"
"N501Y","Alpha, Beta & Gamma",2021-08-29,NA,NA,NA,"Aug 29, 2021<br><b>Alpha, Beta & Gamma</b> NaN%"
"K417N","Omicron",2021-08-30,NA,NA,NA,"Aug 30, 2021<br><b>Omicron</b> NA%"
"L452R","Delta",2021-08-30,1,1,1,"Aug 30, 2021<br><b>Delta</b> 100%"
"N501Y","Alpha, Beta & Gamma",2021-08-30,NA,NA,NA,"Aug 30, 2021<br><b>Alpha, Beta & Gamma</b> NaN%"
"K417N","Omicron",2021-08-31,NA,NA,NA,"Aug 31, 2021<br><b>Omicron</b> NA%"
"L452R","Delta",2021-08-31,0.894804,0.894804,0.984972,"Aug 31, 2021<br><b>Delta</b> 89.48%"
"N501Y","Alpha, Beta & Gamma",2021-08-31,NA,NA,NA,"Aug 31, 2021<br><b>Alpha, Beta & Gamma</b> NaN%"
"K417N","Omicron",2021-09-01,NA,NA,NA,"Sep 01, 2021<br><b>Omicron</b> NA%"
"L452R","Delta",2021-09-01,0.909167,0.909167,0.971996,"Sep 01, 2021<br><b>Delta</b> 90.92%"
"N501Y","Alpha, Beta & Gamma",2021-09-01,NA,NA,NA,"Sep 01, 2021<br><b>Alpha, Beta & Gamma</b> NaN%"
"K417N","Omicron",2021-09-02,NA,NA,NA,"Sep 02, 2021<br><b>Omicron</b> NA%"
"L452R","Delta",2021-09-02,1,1,0.971996,"Sep 02, 2021<br><b>Delta</b> 100%"
"N501Y","Alpha, Beta & Gamma",2021-09-02,NA,NA,NA,"Sep 02, 2021<br><b>Alpha, Beta & Gamma</b> NaN%"
"K417N","Omicron",2021-09-03,NA,NA,NA,"Sep 03, 2021<br><b>Omicron</b> NA%"
"L452R","Delta",2021-09-03,0.900064,0.900064,0.957719,"Sep 03, 2021<br><b>Delta</b> 90.01%"
"N501Y","Alpha, Beta & Gamma",2021-09-03,NA,NA,NA,"Sep 03, 2021<br><b>Alpha, Beta & Gamma</b> NaN%"
"K417N","Omicron",2021-09-04,NA,NA,NA,"Sep 04, 2021<br><b>Omicron</b> NA%"
"L452R","Delta",2021-09-04,1,1,0.957719,"Sep 04, 2021<br><b>Delta</b> 100%"
"N501Y","Alpha, Beta & Gamma",2021-09-04,NA,NA,NA,"Sep 04, 2021<br><b>Alpha, Beta & Gamma</b> NaN%"
"K417N","Omicron",2021-09-05,NA,NA,NA,"Sep 05, 2021<br><b>Omicron</b> NA%"
"L452R","Delta",2021-09-05,1,1,0.957719,"Sep 05, 2021<br><b>Delta</b> 100%"
"N501Y","Alpha, Beta & Gamma",2021-09-05,NA,NA,NA,"Sep 05, 2021<br><b>Alpha, Beta & Gamma</b> NaN%"
"K417N","Omicron",2021-09-06,NA,NA,NA,"Sep 06, 2021<br><b>Omicron</b> NA%"
"L452R","Delta",2021-09-06,0.939468,0.939468,0.949072,"Sep 06, 2021<br><b>Delta</b> 93.95%"
"N501Y","Alpha, Beta & Gamma",2021-09-06,NA,NA,NA,"Sep 06, 2021<br><b>Alpha, Beta & Gamma</b> NaN%"
"K417N","Omicron",2021-09-07,NA,NA,NA,"Sep 07, 2021<br><b>Omicron</b> NA%"
"L452R","Delta",2021-09-07,1,1,0.9641,"Sep 07, 2021<br><b>Delta</b> 100%"
"N501Y","Alpha, Beta & Gamma",2021-09-07,NA,NA,NA,"Sep 07, 2021<br><b>Alpha, Beta & Gamma</b> NaN%"
"K417N","Omicron",2021-09-08,NA,NA,NA,"Sep 08, 2021<br><b>Omicron</b> NA%"
"L452R","Delta",2021-09-08,1,1,0.977076,"Sep 08, 2021<br><b>Delta</b> 100%"
"N501Y","Alpha, Beta & Gamma",2021-09-08,NA,NA,NA,"Sep 08, 2021<br><b>Alpha, Beta & Gamma</b> NaN%"
"K417N","Omicron",2021-09-09,NA,NA,NA,"Sep 09, 2021<br><b>Omicron</b> NA%"
"L452R","Delta",2021-09-09,0.657073,0.657073,0.928086,"Sep 09, 2021<br><b>Delta</b> 65.71%"
"N501Y","Alpha, Beta & Gamma",2021-09-09,NA,NA,NA,"Sep 09, 2021<br><b>Alpha, Beta & Gamma</b> NaN%"
"K417N","Omicron",2021-09-10,NA,NA,NA,"Sep 10, 2021<br><b>Omicron</b> NA%"
"L452R","Delta",2021-09-10,1,1,0.942363,"Sep 10, 2021<br><b>Delta</b> 100%"
"N501Y","Alpha, Beta & Gamma",2021-09-10,NA,NA,NA,"Sep 10, 2021<br><b>Alpha, Beta & Gamma</b> NaN%"
"K417N","Omicron",2021-09-11,NA,NA,NA,"Sep 11, 2021<br><b>Omicron</b> NA%"
"L452R","Delta",2021-09-11,0.972999,0.972999,0.938506,"Sep 11, 2021<br><b>Delta</b> 97.3%"
"N501Y","Alpha, Beta & Gamma",2021-09-11,NA,NA,NA,"Sep 11, 2021<br><b>Alpha, Beta & Gamma</b> NaN%"
"K417N","Omicron",2021-09-12,NA,NA,NA,"Sep 12, 2021<br><b>Omicron</b> NA%"
"L452R","Delta",2021-09-12,1,1,0.938506,"Sep 12, 2021<br><b>Delta</b> 100%"
"N501Y","Alpha, Beta & Gamma",2021-09-12,NA,NA,NA,"Sep 12, 2021<br><b>Alpha, Beta & Gamma</b> NaN%"
"K417N","Omicron",2021-09-13,NA,NA,NA,"Sep 13, 2021<br><b>Omicron</b> NA%"
"L452R","Delta",2021-09-13,0.925973,0.925973,0.936578,"Sep 13, 2021<br><b>Delta</b> 92.6%"
"N501Y","Alpha, Beta & Gamma",2021-09-13,NA,NA,NA,"Sep 13, 2021<br><b>Alpha, Beta & Gamma</b> NaN%"
"K417N","Omicron",2021-09-14,NA,NA,NA,"Sep 14, 2021<br><b>Omicron</b> NA%"
"L452R","Delta",2021-09-14,0.571477,0.571477,0.87536,"Sep 14, 2021<br><b>Delta</b> 57.15%"
"N501Y","Alpha, Beta & Gamma",2021-09-14,NA,NA,NA,"Sep 14, 2021<br><b>Alpha, Beta & Gamma</b> NaN%"
"K417N","Omicron",2021-09-15,NA,NA,NA,"Sep 15, 2021<br><b>Omicron</b> NA%"
"L452R","Delta",2021-09-15,0.972267,0.972267,0.871398,"Sep 15, 2021<br><b>Delta</b> 97.23%"
"N501Y","Alpha, Beta & Gamma",2021-09-15,NA,NA,NA,"Sep 15, 2021<br><b>Alpha, Beta & Gamma</b> NaN%"
"K417N","Omicron",2021-09-16,NA,NA,NA,"Sep 16, 2021<br><b>Omicron</b> NA%"
"L452R","Delta",2021-09-16,1,1,0.920388,"Sep 16, 2021<br><b>Delta</b> 100%"
"N501Y","Alpha, Beta & Gamma",2021-09-16,NA,NA,NA,"Sep 16, 2021<br><b>Alpha, Beta & Gamma</b> NaN%"
"K417N","Omicron",2021-09-17,NA,NA,NA,"Sep 17, 2021<br><b>Omicron</b> NA%"
"L452R","Delta",2021-09-17,1,1,0.920388,"Sep 17, 2021<br><b>Delta</b> 100%"
"N501Y","Alpha, Beta & Gamma",2021-09-17,NA,NA,NA,"Sep 17, 2021<br><b>Alpha, Beta & Gamma</b> NaN%"
"K417N","Omicron",2021-09-18,NA,NA,NA,"Sep 18, 2021<br><b>Omicron</b> NA%"
"L452R","Delta",2021-09-18,1,1,0.924245,"Sep 18, 2021<br><b>Delta</b> 100%"
"N501Y","Alpha, Beta & Gamma",2021-09-18,NA,NA,NA,"Sep 18, 2021<br><b>Alpha, Beta & Gamma</b> NaN%"
"K417N","Omicron",2021-09-19,NA,NA,NA,"Sep 19, 2021<br><b>Omicron</b> NA%"
"L452R","Delta",2021-09-19,1,1,0.924245,"Sep 19, 2021<br><b>Delta</b> 100%"
"N501Y","Alpha, Beta & Gamma",2021-09-19,NA,NA,NA,"Sep 19, 2021<br><b>Alpha, Beta & Gamma</b> NaN%"
"K417N","Omicron",2021-09-20,NA,NA,NA,"Sep 20, 2021<br><b>Omicron</b> NA%"
"L452R","Delta",2021-09-20,1,1,0.934821,"Sep 20, 2021<br><b>Delta</b> 100%"
"N501Y","Alpha, Beta & Gamma",2021-09-20,NA,NA,NA,"Sep 20, 2021<br><b>Alpha, Beta & Gamma</b> NaN%"
"K417N","Omicron",2021-09-21,NA,NA,NA,"Sep 21, 2021<br><b>Omicron</b> NA%"
"L452R","Delta",2021-09-21,1,1,0.996038,"Sep 21, 2021<br><b>Delta</b> 100%"
"N501Y","Alpha, Beta & Gamma",2021-09-21,NA,NA,NA,"Sep 21, 2021<br><b>Alpha, Beta & Gamma</b> NaN%"
"K417N","Omicron",2021-09-22,NA,NA,NA,"Sep 22, 2021<br><b>Omicron</b> NA%"
"L452R","Delta",2021-09-22,NA,1,1,"Sep 22, 2021<br><b>Delta</b> NA%"
"N501Y","Alpha, Beta & Gamma",2021-09-22,NA,NA,NA,"Sep 22, 2021<br><b>Alpha, Beta & Gamma</b> NA%"
"K417N","Omicron",2021-09-23,NA,NA,NA,"Sep 23, 2021<br><b>Omicron</b> NA%"
"L452R","Delta",2021-09-23,1,1,1,"Sep 23, 2021<br><b>Delta</b> 100%"
"N501Y","Alpha, Beta & Gamma",2021-09-23,NA,NA,NA,"Sep 23, 2021<br><b>Alpha, Beta & Gamma</b> NaN%"
"K417N","Omicron",2021-09-24,NA,NA,NA,"Sep 24, 2021<br><b>Omicron</b> NA%"
"L452R","Delta",2021-09-24,0.985534,0.985534,0.997933,"Sep 24, 2021<br><b>Delta</b> 98.55%"
"N501Y","Alpha, Beta & Gamma",2021-09-24,NA,NA,NA,"Sep 24, 2021<br><b>Alpha, Beta & Gamma</b> NaN%"
"K417N","Omicron",2021-09-25,NA,NA,NA,"Sep 25, 2021<br><b>Omicron</b> NA%"
"L452R","Delta",2021-09-25,0.964963,0.964963,0.992928,"Sep 25, 2021<br><b>Delta</b> 96.5%"
"N501Y","Alpha, Beta & Gamma",2021-09-25,NA,NA,NA,"Sep 25, 2021<br><b>Alpha, Beta & Gamma</b> NaN%"
"K417N","Omicron",2021-09-26,NA,NA,NA,"Sep 26, 2021<br><b>Omicron</b> NA%"
"L452R","Delta",2021-09-26,1,1,0.992928,"Sep 26, 2021<br><b>Delta</b> 100%"
"N501Y","Alpha, Beta & Gamma",2021-09-26,NA,NA,NA,"Sep 26, 2021<br><b>Alpha, Beta & Gamma</b> NaN%"
"K417N","Omicron",2021-09-27,NA,NA,NA,"Sep 27, 2021<br><b>Omicron</b> NA%"
"L452R","Delta",2021-09-27,0.990851,0.990851,0.991621,"Sep 27, 2021<br><b>Delta</b> 99.09%"
"N501Y","Alpha, Beta & Gamma",2021-09-27,NA,NA,NA,"Sep 27, 2021<br><b>Alpha, Beta & Gamma</b> NaN%"
"K417N","Omicron",2021-09-28,NA,NA,NA,"Sep 28, 2021<br><b>Omicron</b> NA%"
"L452R","Delta",2021-09-28,1,1,0.991621,"Sep 28, 2021<br><b>Delta</b> 100%"
"N501Y","Alpha, Beta & Gamma",2021-09-28,NA,NA,NA,"Sep 28, 2021<br><b>Alpha, Beta & Gamma</b> NaN%"
"K417N","Omicron",2021-09-29,NA,NA,NA,"Sep 29, 2021<br><b>Omicron</b> NA%"
"L452R","Delta",2021-09-29,1,1,0.991621,"Sep 29, 2021<br><b>Delta</b> 100%"
"N501Y","Alpha, Beta & Gamma",2021-09-29,NA,NA,NA,"Sep 29, 2021<br><b>Alpha, Beta & Gamma</b> NaN%"
"K417N","Omicron",2021-09-30,NA,NA,NA,"Sep 30, 2021<br><b>Omicron</b> NA%"
"L452R","Delta",2021-09-30,0.977297,0.977297,0.988378,"Sep 30, 2021<br><b>Delta</b> 97.73%"
"N501Y","Alpha, Beta & Gamma",2021-09-30,NA,NA,NA,"Sep 30, 2021<br><b>Alpha, Beta & Gamma</b> NaN%"
"K417N","Omicron",2021-10-01,NA,NA,NA,"Oct 01, 2021<br><b>Omicron</b> NA%"
"L452R","Delta",2021-10-01,1,1,0.990444,"Oct 01, 2021<br><b>Delta</b> 100%"
"N501Y","Alpha, Beta & Gamma",2021-10-01,NA,NA,NA,"Oct 01, 2021<br><b>Alpha, Beta & Gamma</b> NaN%"
"K417N","Omicron",2021-10-02,NA,NA,NA,"Oct 02, 2021<br><b>Omicron</b> NA%"
"L452R","Delta",2021-10-02,1,1,0.99545,"Oct 02, 2021<br><b>Delta</b> 100%"
"N501Y","Alpha, Beta & Gamma",2021-10-02,NA,NA,NA,"Oct 02, 2021<br><b>Alpha, Beta & Gamma</b> NaN%"
"K417N","Omicron",2021-10-03,NA,NA,NA,"Oct 03, 2021<br><b>Omicron</b> NA%"
"L452R","Delta",2021-10-03,1,1,0.99545,"Oct 03, 2021<br><b>Delta</b> 100%"
"N501Y","Alpha, Beta & Gamma",2021-10-03,NA,NA,NA,"Oct 03, 2021<br><b>Alpha, Beta & Gamma</b> NaN%"
"K417N","Omicron",2021-10-04,NA,NA,NA,"Oct 04, 2021<br><b>Omicron</b> NA%"
"L452R","Delta",2021-10-04,1,1,0.996757,"Oct 04, 2021<br><b>Delta</b> 100%"
"N501Y","Alpha, Beta & Gamma",2021-10-04,NA,NA,NA,"Oct 04, 2021<br><b>Alpha, Beta & Gamma</b> NaN%"
"K417N","Omicron",2021-10-05,NA,NA,NA,"Oct 05, 2021<br><b>Omicron</b> NA%"
"L452R","Delta",2021-10-05,1,1,0.996757,"Oct 05, 2021<br><b>Delta</b> 100%"
"N501Y","Alpha, Beta & Gamma",2021-10-05,NA,NA,NA,"Oct 05, 2021<br><b>Alpha, Beta & Gamma</b> NaN%"
"K417N","Omicron",2021-10-06,NA,NA,NA,"Oct 06, 2021<br><b>Omicron</b> NA%"
"L452R","Delta",2021-10-06,0.982486,0.982486,0.994255,"Oct 06, 2021<br><b>Delta</b> 98.25%"
"N501Y","Alpha, Beta & Gamma",2021-10-06,NA,NA,NA,"Oct 06, 2021<br><b>Alpha, Beta & Gamma</b> NaN%"
"K417N","Omicron",2021-10-07,NA,NA,NA,"Oct 07, 2021<br><b>Omicron</b> NA%"
"L452R","Delta",2021-10-07,1,1,0.997498,"Oct 07, 2021<br><b>Delta</b> 100%"
"N501Y","Alpha, Beta & Gamma",2021-10-07,NA,NA,NA,"Oct 07, 2021<br><b>Alpha, Beta & Gamma</b> NaN%"
"K417N","Omicron",2021-10-08,NA,NA,NA,"Oct 08, 2021<br><b>Omicron</b> NA%"
"L452R","Delta",2021-10-08,1,1,0.997498,"Oct 08, 2021<br><b>Delta</b> 100%"
"N501Y","Alpha, Beta & Gamma",2021-10-08,NA,NA,NA,"Oct 08, 2021<br><b>Alpha, Beta & Gamma</b> NaN%"
"K417N","Omicron",2021-10-09,NA,NA,NA,"Oct 09, 2021<br><b>Omicron</b> NA%"
"L452R","Delta",2021-10-09,1,1,0.997498,"Oct 09, 2021<br><b>Delta</b> 100%"
"N501Y","Alpha, Beta & Gamma",2021-10-09,NA,NA,NA,"Oct 09, 2021<br><b>Alpha, Beta & Gamma</b> NaN%"
"K417N","Omicron",2021-10-10,NA,NA,NA,"Oct 10, 2021<br><b>Omicron</b> NA%"
"L452R","Delta",2021-10-10,0.984155,0.984155,0.995234,"Oct 10, 2021<br><b>Delta</b> 98.42%"
"N501Y","Alpha, Beta & Gamma",2021-10-10,NA,NA,NA,"Oct 10, 2021<br><b>Alpha, Beta & Gamma</b> NaN%"
"K417N","Omicron",2021-10-11,NA,NA,NA,"Oct 11, 2021<br><b>Omicron</b> NA%"
"L452R","Delta",2021-10-11,1,1,0.995234,"Oct 11, 2021<br><b>Delta</b> 100%"
"N501Y","Alpha, Beta & Gamma",2021-10-11,NA,NA,NA,"Oct 11, 2021<br><b>Alpha, Beta & Gamma</b> NaN%"
"K417N","Omicron",2021-10-12,NA,NA,NA,"Oct 12, 2021<br><b>Omicron</b> NA%"
"L452R","Delta",2021-10-12,1,1,0.995234,"Oct 12, 2021<br><b>Delta</b> 100%"
"N501Y","Alpha, Beta & Gamma",2021-10-12,NA,NA,NA,"Oct 12, 2021<br><b>Alpha, Beta & Gamma</b> NaN%"
"K417N","Omicron",2021-10-13,NA,NA,NA,"Oct 13, 2021<br><b>Omicron</b> NA%"
"L452R","Delta",2021-10-13,1,1,0.997736,"Oct 13, 2021<br><b>Delta</b> 100%"
"N501Y","Alpha, Beta & Gamma",2021-10-13,NA,NA,NA,"Oct 13, 2021<br><b>Alpha, Beta & Gamma</b> NaN%"
"K417N","Omicron",2021-10-14,NA,NA,NA,"Oct 14, 2021<br><b>Omicron</b> NA%"
"L452R","Delta",2021-10-14,1,1,0.997736,"Oct 14, 2021<br><b>Delta</b> 100%"
"N501Y","Alpha, Beta & Gamma",2021-10-14,NA,NA,NA,"Oct 14, 2021<br><b>Alpha, Beta & Gamma</b> NaN%"
"K417N","Omicron",2021-10-15,NA,NA,NA,"Oct 15, 2021<br><b>Omicron</b> NA%"
"L452R","Delta",2021-10-15,0.985102,0.985102,0.995608,"Oct 15, 2021<br><b>Delta</b> 98.51%"
"N501Y","Alpha, Beta & Gamma",2021-10-15,NA,NA,NA,"Oct 15, 2021<br><b>Alpha, Beta & Gamma</b> NaN%"
"K417N","Omicron",2021-10-16,NA,NA,NA,"Oct 16, 2021<br><b>Omicron</b> NA%"
"L452R","Delta",2021-10-16,1,1,0.995608,"Oct 16, 2021<br><b>Delta</b> 100%"
"N501Y","Alpha, Beta & Gamma",2021-10-16,NA,NA,NA,"Oct 16, 2021<br><b>Alpha, Beta & Gamma</b> NaN%"
"K417N","Omicron",2021-10-17,NA,NA,NA,"Oct 17, 2021<br><b>Omicron</b> NA%"
"L452R","Delta",2021-10-17,1,1,0.997872,"Oct 17, 2021<br><b>Delta</b> 100%"
"N501Y","Alpha, Beta & Gamma",2021-10-17,NA,NA,NA,"Oct 17, 2021<br><b>Alpha, Beta & Gamma</b> NaN%"
"K417N","Omicron",2021-10-18,NA,NA,NA,"Oct 18, 2021<br><b>Omicron</b> NA%"
"L452R","Delta",2021-10-18,1,1,0.997872,"Oct 18, 2021<br><b>Delta</b> 100%"
"N501Y","Alpha, Beta & Gamma",2021-10-18,NA,NA,NA,"Oct 18, 2021<br><b>Alpha, Beta & Gamma</b> NaN%"
"K417N","Omicron",2021-10-19,NA,NA,NA,"Oct 19, 2021<br><b>Omicron</b> NA%"
"L452R","Delta",2021-10-19,1,1,0.997872,"Oct 19, 2021<br><b>Delta</b> 100%"
"N501Y","Alpha, Beta & Gamma",2021-10-19,NA,NA,NA,"Oct 19, 2021<br><b>Alpha, Beta & Gamma</b> NaN%"
"K417N","Omicron",2021-10-20,NA,NA,NA,"Oct 20, 2021<br><b>Omicron</b> NA%"
"L452R","Delta",2021-10-20,1,1,0.997872,"Oct 20, 2021<br><b>Delta</b> 100%"
"N501Y","Alpha, Beta & Gamma",2021-10-20,NA,NA,NA,"Oct 20, 2021<br><b>Alpha, Beta & Gamma</b> NaN%"
"K417N","Omicron",2021-10-21,NA,NA,NA,"Oct 21, 2021<br><b>Omicron</b> NA%"
"L452R","Delta",2021-10-21,0.993781,0.993781,0.996983,"Oct 21, 2021<br><b>Delta</b> 99.38%"
"N501Y","Alpha, Beta & Gamma",2021-10-21,NA,NA,NA,"Oct 21, 2021<br><b>Alpha, Beta & Gamma</b> NaN%"
"K417N","Omicron",2021-10-22,NA,NA,NA,"Oct 22, 2021<br><b>Omicron</b> NA%"
"L452R","Delta",2021-10-22,1,1,0.999112,"Oct 22, 2021<br><b>Delta</b> 100%"
"N501Y","Alpha, Beta & Gamma",2021-10-22,NA,NA,NA,"Oct 22, 2021<br><b>Alpha, Beta & Gamma</b> NaN%"
"K417N","Omicron",2021-10-23,NA,NA,NA,"Oct 23, 2021<br><b>Omicron</b> NA%"
"L452R","Delta",2021-10-23,1,1,0.999112,"Oct 23, 2021<br><b>Delta</b> 100%"
"N501Y","Alpha, Beta & Gamma",2021-10-23,NA,NA,NA,"Oct 23, 2021<br><b>Alpha, Beta & Gamma</b> NaN%"
"K417N","Omicron",2021-10-24,NA,NA,NA,"Oct 24, 2021<br><b>Omicron</b> NA%"
"L452R","Delta",2021-10-24,1,1,0.999112,"Oct 24, 2021<br><b>Delta</b> 100%"
"N501Y","Alpha, Beta & Gamma",2021-10-24,NA,NA,NA,"Oct 24, 2021<br><b>Alpha, Beta & Gamma</b> NaN%"
"K417N","Omicron",2021-10-25,NA,NA,NA,"Oct 25, 2021<br><b>Omicron</b> NA%"
"L452R","Delta",2021-10-25,1,1,0.999112,"Oct 25, 2021<br><b>Delta</b> 100%"
"N501Y","Alpha, Beta & Gamma",2021-10-25,NA,NA,NA,"Oct 25, 2021<br><b>Alpha, Beta & Gamma</b> NaN%"
"K417N","Omicron",2021-10-26,NA,NA,NA,"Oct 26, 2021<br><b>Omicron</b> NA%"
"L452R","Delta",2021-10-26,0.989721,0.989721,0.997643,"Oct 26, 2021<br><b>Delta</b> 98.97%"
"N501Y","Alpha, Beta & Gamma",2021-10-26,NA,NA,NA,"Oct 26, 2021<br><b>Alpha, Beta & Gamma</b> NaN%"
"K417N","Omicron",2021-10-27,NA,NA,NA,"Oct 27, 2021<br><b>Omicron</b> NA%"
"L452R","Delta",2021-10-27,1,1,0.997643,"Oct 27, 2021<br><b>Delta</b> 100%"
"N501Y","Alpha, Beta & Gamma",2021-10-27,NA,NA,NA,"Oct 27, 2021<br><b>Alpha, Beta & Gamma</b> NaN%"
"K417N","Omicron",2021-10-28,NA,NA,NA,"Oct 28, 2021<br><b>Omicron</b> NA%"
"L452R","Delta",2021-10-28,1,1,0.998532,"Oct 28, 2021<br><b>Delta</b> 100%"
"N501Y","Alpha, Beta & Gamma",2021-10-28,NA,NA,NA,"Oct 28, 2021<br><b>Alpha, Beta & Gamma</b> NaN%"
"K417N","Omicron",2021-10-29,NA,NA,NA,"Oct 29, 2021<br><b>Omicron</b> NA%"
"L452R","Delta",2021-10-29,1,1,0.998532,"Oct 29, 2021<br><b>Delta</b> 100%"
"N501Y","Alpha, Beta & Gamma",2021-10-29,NA,NA,NA,"Oct 29, 2021<br><b>Alpha, Beta & Gamma</b> NaN%"
"K417N","Omicron",2021-10-30,NA,NA,NA,"Oct 30, 2021<br><b>Omicron</b> NA%"
"L452R","Delta",2021-10-30,0.991477,0.991477,0.997314,"Oct 30, 2021<br><b>Delta</b> 99.15%"
"N501Y","Alpha, Beta & Gamma",2021-10-30,NA,NA,NA,"Oct 30, 2021<br><b>Alpha, Beta & Gamma</b> NaN%"
"K417N","Omicron",2021-10-31,NA,NA,NA,"Oct 31, 2021<br><b>Omicron</b> NA%"
"L452R","Delta",2021-10-31,1,1,0.997314,"Oct 31, 2021<br><b>Delta</b> 100%"
"N501Y","Alpha, Beta & Gamma",2021-10-31,NA,NA,NA,"Oct 31, 2021<br><b>Alpha, Beta & Gamma</b> NaN%"
"K417N","Omicron",2021-11-01,NA,NA,NA,"Nov 01, 2021<br><b>Omicron</b> NA%"
"L452R","Delta",2021-11-01,1,1,0.997314,"Nov 01, 2021<br><b>Delta</b> 100%"
"N501Y","Alpha, Beta & Gamma",2021-11-01,NA,NA,NA,"Nov 01, 2021<br><b>Alpha, Beta & Gamma</b> NaN%"
"K417N","Omicron",2021-11-02,NA,NA,NA,"Nov 02, 2021<br><b>Omicron</b> NA%"
"L452R","Delta",2021-11-02,1,1,0.998782,"Nov 02, 2021<br><b>Delta</b> 100%"
"N501Y","Alpha, Beta & Gamma",2021-11-02,NA,NA,NA,"Nov 02, 2021<br><b>Alpha, Beta & Gamma</b> NaN%"
"K417N","Omicron",2021-11-03,NA,NA,NA,"Nov 03, 2021<br><b>Omicron</b> NA%"
"L452R","Delta",2021-11-03,1,1,0.998782,"Nov 03, 2021<br><b>Delta</b> 100%"
"N501Y","Alpha, Beta & Gamma",2021-11-03,NA,NA,NA,"Nov 03, 2021<br><b>Alpha, Beta & Gamma</b> NaN%"
"K417N","Omicron",2021-11-04,NA,NA,NA,"Nov 04, 2021<br><b>Omicron</b> NA%"
"L452R","Delta",2021-11-04,1,1,0.998782,"Nov 04, 2021<br><b>Delta</b> 100%"
"N501Y","Alpha, Beta & Gamma",2021-11-04,NA,NA,NA,"Nov 04, 2021<br><b>Alpha, Beta & Gamma</b> NaN%"
"K417N","Omicron",2021-11-05,NA,NA,NA,"Nov 05, 2021<br><b>Omicron</b> NA%"
"L452R","Delta",2021-11-05,1,1,0.998782,"Nov 05, 2021<br><b>Delta</b> 100%"
"N501Y","Alpha, Beta & Gamma",2021-11-05,NA,NA,NA,"Nov 05, 2021<br><b>Alpha, Beta & Gamma</b> NaN%"
"K417N","Omicron",2021-11-06,NA,NA,NA,"Nov 06, 2021<br><b>Omicron</b> NA%"
"L452R","Delta",2021-11-06,1,1,1,"Nov 06, 2021<br><b>Delta</b> 100%"
"N501Y","Alpha, Beta & Gamma",2021-11-06,NA,NA,NA,"Nov 06, 2021<br><b>Alpha, Beta & Gamma</b> NaN%"
"K417N","Omicron",2021-11-07,NA,NA,NA,"Nov 07, 2021<br><b>Omicron</b> NA%"
"L452R","Delta",2021-11-07,1,1,1,"Nov 07, 2021<br><b>Delta</b> 100%"
"N501Y","Alpha, Beta & Gamma",2021-11-07,NA,NA,NA,"Nov 07, 2021<br><b>Alpha, Beta & Gamma</b> NaN%"
"K417N","Omicron",2021-11-08,NA,NA,NA,"Nov 08, 2021<br><b>Omicron</b> NA%"
"L452R","Delta",2021-11-08,1,1,1,"Nov 08, 2021<br><b>Delta</b> 100%"
"N501Y","Alpha, Beta & Gamma",2021-11-08,NA,NA,NA,"Nov 08, 2021<br><b>Alpha, Beta & Gamma</b> NaN%"
"K417N","Omicron",2021-11-09,NA,NA,NA,"Nov 09, 2021<br><b>Omicron</b> NA%"
"L452R","Delta",2021-11-09,1,1,1,"Nov 09, 2021<br><b>Delta</b> 100%"
"N501Y","Alpha, Beta & Gamma",2021-11-09,NA,NA,NA,"Nov 09, 2021<br><b>Alpha, Beta & Gamma</b> NaN%"
"K417N","Omicron",2021-11-10,NA,NA,NA,"Nov 10, 2021<br><b>Omicron</b> NA%"
"L452R","Delta",2021-11-10,1,1,1,"Nov 10, 2021<br><b>Delta</b> 100%"
"N501Y","Alpha, Beta & Gamma",2021-11-10,NA,NA,NA,"Nov 10, 2021<br><b>Alpha, Beta & Gamma</b> NaN%"
"K417N","Omicron",2021-11-11,NA,NA,NA,"Nov 11, 2021<br><b>Omicron</b> NA%"
"L452R","Delta",2021-11-11,1,1,1,"Nov 11, 2021<br><b>Delta</b> 100%"
"N501Y","Alpha, Beta & Gamma",2021-11-11,NA,NA,NA,"Nov 11, 2021<br><b>Alpha, Beta & Gamma</b> NaN%"
"K417N","Omicron",2021-11-12,NA,NA,NA,"Nov 12, 2021<br><b>Omicron</b> NA%"
"L452R","Delta",2021-11-12,0.993178,0.993178,0.999025,"Nov 12, 2021<br><b>Delta</b> 99.32%"
"N501Y","Alpha, Beta & Gamma",2021-11-12,NA,NA,NA,"Nov 12, 2021<br><b>Alpha, Beta & Gamma</b> NaN%"
"K417N","Omicron",2021-11-13,NA,NA,NA,"Nov 13, 2021<br><b>Omicron</b> NA%"
"L452R","Delta",2021-11-13,1,1,0.999025,"Nov 13, 2021<br><b>Delta</b> 100%"
"N501Y","Alpha, Beta & Gamma",2021-11-13,NA,NA,NA,"Nov 13, 2021<br><b>Alpha, Beta & Gamma</b> NaN%"
"K417N","Omicron",2021-11-14,NA,NA,NA,"Nov 14, 2021<br><b>Omicron</b> NA%"
"L452R","Delta",2021-11-14,1,1,0.999025,"Nov 14, 2021<br><b>Delta</b> 100%"
"N501Y","Alpha, Beta & Gamma",2021-11-14,NA,NA,NA,"Nov 14, 2021<br><b>Alpha, Beta & Gamma</b> NaN%"
"K417N","Omicron",2021-11-15,NA,NA,NA,"Nov 15, 2021<br><b>Omicron</b> NA%"
"L452R","Delta",2021-11-15,NA,1,0.999025,"Nov 15, 2021<br><b>Delta</b> NaN%"
"N501Y","Alpha, Beta & Gamma",2021-11-15,NA,NA,NA,"Nov 15, 2021<br><b>Alpha, Beta & Gamma</b> NaN%"
"K417N","Omicron",2021-11-16,NA,NA,NA,"Nov 16, 2021<br><b>Omicron</b> NA%"
"L452R","Delta",2021-11-16,1,1,0.999025,"Nov 16, 2021<br><b>Delta</b> 100%"
"N501Y","Alpha, Beta & Gamma",2021-11-16,NA,NA,NA,"Nov 16, 2021<br><b>Alpha, Beta & Gamma</b> NaN%"
"K417N","Omicron",2021-11-17,NA,NA,NA,"Nov 17, 2021<br><b>Omicron</b> NA%"
"L452R","Delta",2021-11-17,1,1,0.999025,"Nov 17, 2021<br><b>Delta</b> 100%"
"N501Y","Alpha, Beta & Gamma",2021-11-17,NA,NA,NA,"Nov 17, 2021<br><b>Alpha, Beta & Gamma</b> NaN%"
"K417N","Omicron",2021-11-18,0.001162,0.001162,0.001162,"Nov 18, 2021<br><b>Omicron</b> 0.12%"
"L452R","Delta",2021-11-18,0.99714,0.99714,0.998617,"Nov 18, 2021<br><b>Delta</b> 99.71%"
"N501Y","Alpha, Beta & Gamma",2021-11-18,NA,NA,NA,"Nov 18, 2021<br><b>Alpha, Beta & Gamma</b> NaN%"
"K417N","Omicron",2021-11-19,0,0,0.000581,"Nov 19, 2021<br><b>Omicron</b> 0%"
"L452R","Delta",2021-11-19,1,1,0.999591,"Nov 19, 2021<br><b>Delta</b> 100%"
"N501Y","Alpha, Beta & Gamma",2021-11-19,NA,NA,NA,"Nov 19, 2021<br><b>Alpha, Beta & Gamma</b> NaN%"
"K417N","Omicron",2021-11-20,0,0,0.000387,"Nov 20, 2021<br><b>Omicron</b> 0%"
"L452R","Delta",2021-11-20,0.994279,0.994279,0.998774,"Nov 20, 2021<br><b>Delta</b> 99.43%"
"N501Y","Alpha, Beta & Gamma",2021-11-20,NA,NA,NA,"Nov 20, 2021<br><b>Alpha, Beta & Gamma</b> NaN%"
"K417N","Omicron",2021-11-21,0.003817,0.003817,0.001245,"Nov 21, 2021<br><b>Omicron</b> 0.38%"
"L452R","Delta",2021-11-21,1,1,0.998774,"Nov 21, 2021<br><b>Delta</b> 100%"
"N501Y","Alpha, Beta & Gamma",2021-11-21,NA,NA,NA,"Nov 21, 2021<br><b>Alpha, Beta & Gamma</b> NaN%"
"K417N","Omicron",2021-11-22,0,0,0.000996,"Nov 22, 2021<br><b>Omicron</b> 0%"
"L452R","Delta",2021-11-22,1,1,0.998774,"Nov 22, 2021<br><b>Delta</b> 100%"
"N501Y","Alpha, Beta & Gamma",2021-11-22,NA,NA,NA,"Nov 22, 2021<br><b>Alpha, Beta & Gamma</b> NaN%"
"K417N","Omicron",2021-11-23,0,0,0.00083,"Nov 23, 2021<br><b>Omicron</b> 0%"
"L452R","Delta",2021-11-23,0.996493,0.996493,0.998273,"Nov 23, 2021<br><b>Delta</b> 99.65%"
"N501Y","Alpha, Beta & Gamma",2021-11-23,NA,NA,NA,"Nov 23, 2021<br><b>Alpha, Beta & Gamma</b> NaN%"
"K417N","Omicron",2021-11-24,0,0,0.000711,"Nov 24, 2021<br><b>Omicron</b> 0%"
"L452R","Delta",2021-11-24,1,1,0.998273,"Nov 24, 2021<br><b>Delta</b> 100%"
"N501Y","Alpha, Beta & Gamma",2021-11-24,NA,NA,NA,"Nov 24, 2021<br><b>Alpha, Beta & Gamma</b> NaN%"
"K417N","Omicron",2021-11-25,0,0,0.000545,"Nov 25, 2021<br><b>Omicron</b> 0%"
"L452R","Delta",2021-11-25,1,1,0.998682,"Nov 25, 2021<br><b>Delta</b> 100%"
"N501Y","Alpha, Beta & Gamma",2021-11-25,NA,NA,NA,"Nov 25, 2021<br><b>Alpha, Beta & Gamma</b> NaN%"
"K417N","Omicron",2021-11-26,0,0,0.000545,"Nov 26, 2021<br><b>Omicron</b> 0%"
"L452R","Delta",2021-11-26,1,1,0.998682,"Nov 26, 2021<br><b>Delta</b> 100%"
"N501Y","Alpha, Beta & Gamma",2021-11-26,NA,NA,NA,"Nov 26, 2021<br><b>Alpha, Beta & Gamma</b> NaN%"
"K417N","Omicron",2021-11-27,0,0,0.000545,"Nov 27, 2021<br><b>Omicron</b> 0%"
"L452R","Delta",2021-11-27,0.996703,0.996703,0.999028,"Nov 27, 2021<br><b>Delta</b> 99.67%"
"N501Y","Alpha, Beta & Gamma",2021-11-27,NA,NA,NA,"Nov 27, 2021<br><b>Alpha, Beta & Gamma</b> NaN%"
"K417N","Omicron",2021-11-28,0.003263,0.003263,0.000466,"Nov 28, 2021<br><b>Omicron</b> 0.33%"
"L452R","Delta",2021-11-28,1,1,0.999028,"Nov 28, 2021<br><b>Delta</b> 100%"
"N501Y","Alpha, Beta & Gamma",2021-11-28,NA,NA,NA,"Nov 28, 2021<br><b>Alpha, Beta & Gamma</b> NaN%"
"K417N","Omicron",2021-11-29,0.002862,0.002862,0.000875,"Nov 29, 2021<br><b>Omicron</b> 0.29%"
"L452R","Delta",2021-11-29,1,1,0.999028,"Nov 29, 2021<br><b>Delta</b> 100%"
"N501Y","Alpha, Beta & Gamma",2021-11-29,NA,NA,NA,"Nov 29, 2021<br><b>Alpha, Beta & Gamma</b> NaN%"
"K417N","Omicron",2021-11-30,0,0,0.000875,"Nov 30, 2021<br><b>Omicron</b> 0%"
"L452R","Delta",2021-11-30,1,1,0.999529,"Nov 30, 2021<br><b>Delta</b> 100%"
"N501Y","Alpha, Beta & Gamma",2021-11-30,NA,NA,NA,"Nov 30, 2021<br><b>Alpha, Beta & Gamma</b> NaN%"
"K417N","Omicron",2021-12-01,0.00071,0.00071,0.000976,"Dec 01, 2021<br><b>Omicron</b> 0.07%"
"L452R","Delta",2021-12-01,0.996765,0.996765,0.999067,"Dec 01, 2021<br><b>Delta</b> 99.68%"
"N501Y","Alpha, Beta & Gamma",2021-12-01,NA,NA,NA,"Dec 01, 2021<br><b>Alpha, Beta & Gamma</b> NaN%"
"K417N","Omicron",2021-12-02,0,0,0.000976,"Dec 02, 2021<br><b>Omicron</b> 0%"
"L452R","Delta",2021-12-02,0.978669,0.978669,0.996019,"Dec 02, 2021<br><b>Delta</b> 97.87%"
"N501Y","Alpha, Beta & Gamma",2021-12-02,NA,NA,NA,"Dec 02, 2021<br><b>Alpha, Beta & Gamma</b> NaN%"
"K417N","Omicron",2021-12-03,0.003037,0.003037,0.00141,"Dec 03, 2021<br><b>Omicron</b> 0.3%"
"L452R","Delta",2021-12-03,1,1,0.996019,"Dec 03, 2021<br><b>Delta</b> 100%"
"N501Y","Alpha, Beta & Gamma",2021-12-03,NA,NA,NA,"Dec 03, 2021<br><b>Alpha, Beta & Gamma</b> NaN%"
"K417N","Omicron",2021-12-04,0.002914,0.002914,0.001827,"Dec 04, 2021<br><b>Omicron</b> 0.29%"
"L452R","Delta",2021-12-04,0.993491,0.993491,0.995561,"Dec 04, 2021<br><b>Delta</b> 99.35%"
"N501Y","Alpha, Beta & Gamma",2021-12-04,NA,NA,NA,"Dec 04, 2021<br><b>Alpha, Beta & Gamma</b> NaN%"
"K417N","Omicron",2021-12-05,0,0,0.00136,"Dec 05, 2021<br><b>Omicron</b> 0%"
"L452R","Delta",2021-12-05,1,1,0.995561,"Dec 05, 2021<br><b>Delta</b> 100%"
"N501Y","Alpha, Beta & Gamma",2021-12-05,NA,NA,NA,"Dec 05, 2021<br><b>Alpha, Beta & Gamma</b> NaN%"
"K417N","Omicron",2021-12-06,0.005012,0.005012,0.001668,"Dec 06, 2021<br><b>Omicron</b> 0.5%"
"L452R","Delta",2021-12-06,0.986194,0.986194,0.993588,"Dec 06, 2021<br><b>Delta</b> 98.62%"
"N501Y","Alpha, Beta & Gamma",2021-12-06,NA,NA,NA,"Dec 06, 2021<br><b>Alpha, Beta & Gamma</b> NaN%"
"K417N","Omicron",2021-12-07,0.003261,0.003261,0.002133,"Dec 07, 2021<br><b>Omicron</b> 0.33%"
"L452R","Delta",2021-12-07,1,1,0.993588,"Dec 07, 2021<br><b>Delta</b> 100%"
"N501Y","Alpha, Beta & Gamma",2021-12-07,NA,NA,NA,"Dec 07, 2021<br><b>Alpha, Beta & Gamma</b> NaN%"
"K417N","Omicron",2021-12-08,0.008297,0.008297,0.003217,"Dec 08, 2021<br><b>Omicron</b> 0.83%"
"L452R","Delta",2021-12-08,0.98384,0.98384,0.991742,"Dec 08, 2021<br><b>Delta</b> 98.38%"
"N501Y","Alpha, Beta & Gamma",2021-12-08,NA,NA,NA,"Dec 08, 2021<br><b>Alpha, Beta & Gamma</b> NaN%"
"K417N","Omicron",2021-12-09,0.007462,0.007462,0.004283,"Dec 09, 2021<br><b>Omicron</b> 0.75%"
"L452R","Delta",2021-12-09,1,1,0.994789,"Dec 09, 2021<br><b>Delta</b> 100%"
"N501Y","Alpha, Beta & Gamma",2021-12-09,NA,NA,NA,"Dec 09, 2021<br><b>Alpha, Beta & Gamma</b> NaN%"
"K417N","Omicron",2021-12-10,0.057097,0.057097,0.012006,"Dec 10, 2021<br><b>Omicron</b> 5.71%"
"L452R","Delta",2021-12-10,0.912013,0.912013,0.98222,"Dec 10, 2021<br><b>Delta</b> 91.2%"
"N501Y","Alpha, Beta & Gamma",2021-12-10,NA,NA,NA,"Dec 10, 2021<br><b>Alpha, Beta & Gamma</b> NaN%"
"K417N","Omicron",2021-12-11,0.011255,0.011255,0.013198,"Dec 11, 2021<br><b>Omicron</b> 1.13%"
"L452R","Delta",2021-12-11,0.976779,0.976779,0.979832,"Dec 11, 2021<br><b>Delta</b> 97.68%"
"N501Y","Alpha, Beta & Gamma",2021-12-11,NA,NA,NA,"Dec 11, 2021<br><b>Alpha, Beta & Gamma</b> NaN%"
"K417N","Omicron",2021-12-12,0.023965,0.023965,0.016621,"Dec 12, 2021<br><b>Omicron</b> 2.4%"
"L452R","Delta",2021-12-12,0.969992,0.969992,0.975545,"Dec 12, 2021<br><b>Delta</b> 97%"
"N501Y","Alpha, Beta & Gamma",2021-12-12,NA,NA,NA,"Dec 12, 2021<br><b>Alpha, Beta & Gamma</b> NaN%"
"K417N","Omicron",2021-12-13,0.053051,0.053051,0.023484,"Dec 13, 2021<br><b>Omicron</b> 5.31%"
"L452R","Delta",2021-12-13,0.896885,0.896885,0.962787,"Dec 13, 2021<br><b>Delta</b> 89.69%"
"N501Y","Alpha, Beta & Gamma",2021-12-13,NA,NA,NA,"Dec 13, 2021<br><b>Alpha, Beta & Gamma</b> NaN%"
"K417N","Omicron",2021-12-14,0.067054,0.067054,0.032597,"Dec 14, 2021<br><b>Omicron</b> 6.71%"
"L452R","Delta",2021-12-14,0.913699,0.913699,0.950458,"Dec 14, 2021<br><b>Delta</b> 91.37%"
"N501Y","Alpha, Beta & Gamma",2021-12-14,NA,NA,NA,"Dec 14, 2021<br><b>Alpha, Beta & Gamma</b> NaN%"
"K417N","Omicron",2021-12-15,0.116014,0.116014,0.047985,"Dec 15, 2021<br><b>Omicron</b> 11.6%"
"L452R","Delta",2021-12-15,0.842038,0.842038,0.930201,"Dec 15, 2021<br><b>Delta</b> 84.2%"
"N501Y","Alpha, Beta & Gamma",2021-12-15,NA,NA,NA,"Dec 15, 2021<br><b>Alpha, Beta & Gamma</b> NaN%"
"K417N","Omicron",2021-12-16,0.148232,0.148232,0.068095,"Dec 16, 2021<br><b>Omicron</b> 14.82%"
"L452R","Delta",2021-12-16,0.816464,0.816464,0.903981,"Dec 16, 2021<br><b>Delta</b> 81.65%"
"N501Y","Alpha, Beta & Gamma",2021-12-16,NA,NA,NA,"Dec 16, 2021<br><b>Alpha, Beta & Gamma</b> NaN%"
"K417N","Omicron",2021-12-17,0.150021,0.150021,0.08137,"Dec 17, 2021<br><b>Omicron</b> 15%"
"L452R","Delta",2021-12-17,0.757929,0.757929,0.881969,"Dec 17, 2021<br><b>Delta</b> 75.79%"
"N501Y","Alpha, Beta & Gamma",2021-12-17,NA,NA,NA,"Dec 17, 2021<br><b>Alpha, Beta & Gamma</b> NaN%"
"K417N","Omicron",2021-12-18,0.257604,0.257604,0.116563,"Dec 18, 2021<br><b>Omicron</b> 25.76%"
"L452R","Delta",2021-12-18,0.673801,0.673801,0.838687,"Dec 18, 2021<br><b>Delta</b> 67.38%"
"N501Y","Alpha, Beta & Gamma",2021-12-18,NA,NA,NA,"Dec 18, 2021<br><b>Alpha, Beta & Gamma</b> NaN%"
"K417N","Omicron",2021-12-19,0.275777,0.275777,0.152536,"Dec 19, 2021<br><b>Omicron</b> 27.58%"
"L452R","Delta",2021-12-19,0.588101,0.588101,0.784131,"Dec 19, 2021<br><b>Delta</b> 58.81%"
"N501Y","Alpha, Beta & Gamma",2021-12-19,NA,NA,NA,"Dec 19, 2021<br><b>Alpha, Beta & Gamma</b> NaN%"
"K417N","Omicron",2021-12-20,0.347973,0.347973,0.194668,"Dec 20, 2021<br><b>Omicron</b> 34.8%"
"L452R","Delta",2021-12-20,0.52549,0.52549,0.731075,"Dec 20, 2021<br><b>Delta</b> 52.55%"
"N501Y","Alpha, Beta & Gamma",2021-12-20,NA,NA,NA,"Dec 20, 2021<br><b>Alpha, Beta & Gamma</b> NaN%"
"K417N","Omicron",2021-12-21,0.446589,0.446589,0.248887,"Dec 21, 2021<br><b>Omicron</b> 44.66%"
"L452R","Delta",2021-12-21,0.408576,0.408576,0.658914,"Dec 21, 2021<br><b>Delta</b> 40.86%"
"N501Y","Alpha, Beta & Gamma",2021-12-21,NA,NA,NA,"Dec 21, 2021<br><b>Alpha, Beta & Gamma</b> NaN%"
"K417N","Omicron",2021-12-22,0.547052,0.547052,0.310464,"Dec 22, 2021<br><b>Omicron</b> 54.71%"
"L452R","Delta",2021-12-22,0.324632,0.324632,0.584999,"Dec 22, 2021<br><b>Delta</b> 32.46%"
"N501Y","Alpha, Beta & Gamma",2021-12-22,NA,NA,NA,"Dec 22, 2021<br><b>Alpha, Beta & Gamma</b> NaN%"
"K417N","Omicron",2021-12-23,0.606609,0.606609,0.375947,"Dec 23, 2021<br><b>Omicron</b> 60.66%"
"L452R","Delta",2021-12-23,0.29852,0.29852,0.511007,"Dec 23, 2021<br><b>Delta</b> 29.85%"
"N501Y","Alpha, Beta & Gamma",2021-12-23,NA,NA,NA,"Dec 23, 2021<br><b>Alpha, Beta & Gamma</b> NaN%"
"K417N","Omicron",2021-12-24,0.682427,0.682427,0.452005,"Dec 24, 2021<br><b>Omicron</b> 68.24%"
"L452R","Delta",2021-12-24,0.236298,0.236298,0.436488,"Dec 24, 2021<br><b>Delta</b> 23.63%"
"N501Y","Alpha, Beta & Gamma",2021-12-24,NA,NA,NA,"Dec 24, 2021<br><b>Alpha, Beta & Gamma</b> NaN%"
"K417N","Omicron",2021-12-25,0.654929,0.654929,0.508765,"Dec 25, 2021<br><b>Omicron</b> 65.49%"
"L452R","Delta",2021-12-25,0.2265,0.2265,0.372588,"Dec 25, 2021<br><b>Delta</b> 22.65%"
"N501Y","Alpha, Beta & Gamma",2021-12-25,NA,NA,NA,"Dec 25, 2021<br><b>Alpha, Beta & Gamma</b> NaN%"
"K417N","Omicron",2021-12-26,0.710819,0.710819,0.570914,"Dec 26, 2021<br><b>Omicron</b> 71.08%"
"L452R","Delta",2021-12-26,0.195992,0.195992,0.316573,"Dec 26, 2021<br><b>Delta</b> 19.6%"
"N501Y","Alpha, Beta & Gamma",2021-12-26,NA,NA,NA,"Dec 26, 2021<br><b>Alpha, Beta & Gamma</b> NaN%"
"K417N","Omicron",2021-12-27,0.808117,0.808117,0.636649,"Dec 27, 2021<br><b>Omicron</b> 80.81%"
"L452R","Delta",2021-12-27,0.146763,0.146763,0.262469,"Dec 27, 2021<br><b>Delta</b> 14.68%"
"N501Y","Alpha, Beta & Gamma",2021-12-27,NA,NA,NA,"Dec 27, 2021<br><b>Alpha, Beta & Gamma</b> NaN%"
"K417N","Omicron",2021-12-28,0.865812,0.865812,0.696538,"Dec 28, 2021<br><b>Omicron</b> 86.58%"
"L452R","Delta",2021-12-28,0.116423,0.116423,0.220733,"Dec 28, 2021<br><b>Delta</b> 11.64%"
"N501Y","Alpha, Beta & Gamma",2021-12-28,NA,NA,NA,"Dec 28, 2021<br><b>Alpha, Beta & Gamma</b> NaN%"
"K417N","Omicron",2021-12-29,0.822352,0.822352,0.735866,"Dec 29, 2021<br><b>Omicron</b> 82.24%"
"L452R","Delta",2021-12-29,0.105619,0.105619,0.189445,"Dec 29, 2021<br><b>Delta</b> 10.56%"
"N501Y","Alpha, Beta & Gamma",2021-12-29,NA,NA,NA,"Dec 29, 2021<br><b>Alpha, Beta & Gamma</b> NaN%"
"K417N","Omicron",2021-12-30,0.863649,0.863649,0.772586,"Dec 30, 2021<br><b>Omicron</b> 86.36%"
"L452R","Delta",2021-12-30,0.072916,0.072916,0.157216,"Dec 30, 2021<br><b>Delta</b> 7.29%"
"N501Y","Alpha, Beta & Gamma",2021-12-30,NA,NA,NA,"Dec 30, 2021<br><b>Alpha, Beta & Gamma</b> NaN%"
"K417N","Omicron",2021-12-31,0.877665,0.877665,0.800478,"Dec 31, 2021<br><b>Omicron</b> 87.77%"
"L452R","Delta",2021-12-31,0.067508,0.067508,0.133103,"Dec 31, 2021<br><b>Delta</b> 6.75%"
"N501Y","Alpha, Beta & Gamma",2021-12-31,NA,NA,NA,"Dec 31, 2021<br><b>Alpha, Beta & Gamma</b> NaN%"
"K417N","Omicron",2022-01-01,0.869019,0.869019,0.831062,"Jan 01, 2022<br><b>Omicron</b> 86.9%"
"L452R","Delta",2022-01-01,0.072227,0.072227,0.111064,"Jan 01, 2022<br><b>Delta</b> 7.22%"
"N501Y","Alpha, Beta & Gamma",2022-01-01,NA,NA,NA,"Jan 01, 2022<br><b>Alpha, Beta & Gamma</b> NaN%"
"K417N","Omicron",2022-01-02,0.886977,0.886977,0.856227,"Jan 02, 2022<br><b>Omicron</b> 88.7%"
"L452R","Delta",2022-01-02,0.065898,0.065898,0.092479,"Jan 02, 2022<br><b>Delta</b> 6.59%"
"N501Y","Alpha, Beta & Gamma",2022-01-02,NA,NA,NA,"Jan 02, 2022<br><b>Alpha, Beta & Gamma</b> NaN%"
"K417N","Omicron",2022-01-03,0.896132,0.896132,0.868801,"Jan 03, 2022<br><b>Omicron</b> 89.61%"
"L452R","Delta",2022-01-03,0.056785,0.056785,0.079625,"Jan 03, 2022<br><b>Delta</b> 5.68%"
"N501Y","Alpha, Beta & Gamma",2022-01-03,NA,NA,NA,"Jan 03, 2022<br><b>Alpha, Beta & Gamma</b> NaN%"
"K417N","Omicron",2022-01-04,0.868304,0.868304,0.869157,"Jan 04, 2022<br><b>Omicron</b> 86.83%"
"L452R","Delta",2022-01-04,0.070102,0.070102,0.073008,"Jan 04, 2022<br><b>Delta</b> 7.01%"
"N501Y","Alpha, Beta & Gamma",2022-01-04,NA,NA,NA,"Jan 04, 2022<br><b>Alpha, Beta & Gamma</b> NaN%"
"K417N","Omicron",2022-01-05,0.944843,0.944843,0.886655,"Jan 05, 2022<br><b>Omicron</b> 94.48%"
"L452R","Delta",2022-01-05,0.028319,0.028319,0.061965,"Jan 05, 2022<br><b>Delta</b> 2.83%"
"N501Y","Alpha, Beta & Gamma",2022-01-05,NA,NA,NA,"Jan 05, 2022<br><b>Alpha, Beta & Gamma</b> NaN%"
"K417N","Omicron",2022-01-06,0.89996,0.89996,0.891843,"Jan 06, 2022<br><b>Omicron</b> 90%"
"L452R","Delta",2022-01-06,0.061669,0.061669,0.060358,"Jan 06, 2022<br><b>Delta</b> 6.17%"
"N501Y","Alpha, Beta & Gamma",2022-01-06,NA,NA,NA,"Jan 06, 2022<br><b>Alpha, Beta & Gamma</b> NaN%"
"K417N","Omicron",2022-01-07,0.955435,0.955435,0.902953,"Jan 07, 2022<br><b>Omicron</b> 95.54%"
"L452R","Delta",2022-01-07,0.033182,0.033182,0.055455,"Jan 07, 2022<br><b>Delta</b> 3.32%"
"N501Y","Alpha, Beta & Gamma",2022-01-07,NA,NA,NA,"Jan 07, 2022<br><b>Alpha, Beta & Gamma</b> NaN%"
"K417N","Omicron",2022-01-08,0.941212,0.941212,0.913266,"Jan 08, 2022<br><b>Omicron</b> 94.12%"
"L452R","Delta",2022-01-08,0.035683,0.035683,0.050234,"Jan 08, 2022<br><b>Delta</b> 3.57%"
"N501Y","Alpha, Beta & Gamma",2022-01-08,NA,NA,NA,"Jan 08, 2022<br><b>Alpha, Beta & Gamma</b> NaN%"
"K417N","Omicron",2022-01-09,0.960916,0.960916,0.923829,"Jan 09, 2022<br><b>Omicron</b> 96.09%"
"L452R","Delta",2022-01-09,0.01953,0.01953,0.04361,"Jan 09, 2022<br><b>Delta</b> 1.95%"
"N501Y","Alpha, Beta & Gamma",2022-01-09,NA,NA,NA,"Jan 09, 2022<br><b>Alpha, Beta & Gamma</b> NaN%"
"K417N","Omicron",2022-01-10,0.884839,0.884839,0.922216,"Jan 10, 2022<br><b>Omicron</b> 88.48%"
"L452R","Delta",2022-01-10,0.059124,0.059124,0.043944,"Jan 10, 2022<br><b>Delta</b> 5.91%"
"N501Y","Alpha, Beta & Gamma",2022-01-10,NA,NA,NA,"Jan 10, 2022<br><b>Alpha, Beta & Gamma</b> NaN%"
"K417N","Omicron",2022-01-11,0.936406,0.936406,0.931944,"Jan 11, 2022<br><b>Omicron</b> 93.64%"
"L452R","Delta",2022-01-11,0.029971,0.029971,0.038211,"Jan 11, 2022<br><b>Delta</b> 3%"
"N501Y","Alpha, Beta & Gamma",2022-01-11,NA,NA,NA,"Jan 11, 2022<br><b>Alpha, Beta & Gamma</b> NaN%"
"K417N","Omicron",2022-01-12,0.953477,0.953477,0.933178,"Jan 12, 2022<br><b>Omicron</b> 95.35%"
"L452R","Delta",2022-01-12,0.015791,0.015791,0.036421,"Jan 12, 2022<br><b>Delta</b> 1.58%"
"N501Y","Alpha, Beta & Gamma",2022-01-12,NA,NA,NA,"Jan 12, 2022<br><b>Alpha, Beta & Gamma</b> NaN%"
"K417N","Omicron",2022-01-13,0.9472,0.9472,0.939926,"Jan 13, 2022<br><b>Omicron</b> 94.72%"
"L452R","Delta",2022-01-13,0.015902,0.015902,0.029883,"Jan 13, 2022<br><b>Delta</b> 1.59%"
"N501Y","Alpha, Beta & Gamma",2022-01-13,NA,NA,NA,"Jan 13, 2022<br><b>Alpha, Beta & Gamma</b> NaN%"
"K417N","Omicron",2022-01-14,0.949252,0.949252,0.939043,"Jan 14, 2022<br><b>Omicron</b> 94.93%"
"L452R","Delta",2022-01-14,0.022022,0.022022,0.028289,"Jan 14, 2022<br><b>Delta</b> 2.2%"
"N501Y","Alpha, Beta & Gamma",2022-01-14,NA,NA,NA,"Jan 14, 2022<br><b>Alpha, Beta & Gamma</b> NaN%"
"K417N","Omicron",2022-01-15,0.974446,0.974446,0.943791,"Jan 15, 2022<br><b>Omicron</b> 97.44%"
"L452R","Delta",2022-01-15,0.019179,0.019179,0.025931,"Jan 15, 2022<br><b>Delta</b> 1.92%"
"N501Y","Alpha, Beta & Gamma",2022-01-15,NA,NA,NA,"Jan 15, 2022<br><b>Alpha, Beta & Gamma</b> NaN%"
"K417N","Omicron",2022-01-16,0.95868,0.95868,0.943471,"Jan 16, 2022<br><b>Omicron</b> 95.87%"
"L452R","Delta",2022-01-16,0.012845,0.012845,0.024976,"Jan 16, 2022<br><b>Delta</b> 1.28%"
"N501Y","Alpha, Beta & Gamma",2022-01-16,NA,NA,NA,"Jan 16, 2022<br><b>Alpha, Beta & Gamma</b> NaN%"
"K417N","Omicron",2022-01-17,0.974238,0.974238,0.956243,"Jan 17, 2022<br><b>Omicron</b> 97.42%"
"L452R","Delta",2022-01-17,0.024598,0.024598,0.020044,"Jan 17, 2022<br><b>Delta</b> 2.46%"
"N501Y","Alpha, Beta & Gamma",2022-01-17,NA,NA,NA,"Jan 17, 2022<br><b>Alpha, Beta & Gamma</b> NaN%"
